county,month,cases
Baringo,2005-05-01,0
Baringo,2005-06-01,0
Baringo,2005-07-01,0
Baringo,2005-08-01,0
Baringo,2005-09-01,0
Baringo,2005-10-01,0
Baringo,2005-11-01,0
Baringo,2005-12-01,0
Baringo,2006-01-01,0
Baringo,2006-02-01,0
Baringo,2006-03-01,0
Baringo,2006-04-01,0
Baringo,2006-05-01,0
Baringo,2006-06-01,0
Baringo,2006-07-01,0
Baringo,2006-08-01,0
Baringo,2006-09-01,0
Baringo,2006-10-01,0
Baringo,2006-11-01,0
Baringo,2006-12-01,0
Baringo,2007-01-01,0
Baringo,2007-02-01,0
Baringo,2007-03-01,0
Baringo,2007-04-01,0
Baringo,2007-05-01,0
Baringo,2007-06-01,0
Baringo,2007-07-01,0
Baringo,2007-08-01,0
Baringo,2007-09-01,0
Baringo,2007-10-01,0
Baringo,2007-11-01,0
Baringo,2007-12-01,0
Baringo,2008-01-01,0
Baringo,2008-02-01,0
Baringo,2008-03-01,0
Baringo,2008-04-01,0
Baringo,2008-05-01,0
Baringo,2008-06-01,0
Baringo,2008-07-01,0
Baringo,2008-08-01,0
Baringo,2008-09-01,0
Baringo,2008-10-01,0
Baringo,2008-11-01,0
Baringo,2008-12-01,0
Baringo,2009-01-01,0
Baringo,2009-02-01,0
Baringo,2009-03-01,0
Baringo,2009-04-01,0
Baringo,2009-05-01,0
Baringo,2009-06-01,0
Baringo,2009-07-01,0
Baringo,2009-08-01,0
Baringo,2009-09-01,0
Baringo,2009-10-01,0
Baringo,2009-11-01,0
Baringo,2009-12-01,0
Baringo,2010-01-01,0
Baringo,2010-02-01,0
Baringo,2010-03-01,0
Baringo,2010-04-01,0
Baringo,2010-05-01,0
Baringo,2010-06-01,0
Baringo,2010-07-01,0
Baringo,2010-08-01,0
Baringo,2010-09-01,0
Baringo,2010-10-01,0
Baringo,2010-11-01,0
Baringo,2010-12-01,0
Baringo,2011-01-01,0
Baringo,2011-02-01,0
Baringo,2011-03-01,0
Baringo,2011-04-01,0
Baringo,2011-05-01,0
Baringo,2011-06-01,0
Baringo,2011-07-01,0
Baringo,2011-08-01,0
Baringo,2011-09-01,0
Baringo,2011-10-01,0
Baringo,2011-11-01,0
Baringo,2011-12-01,0
Baringo,2012-01-01,0
Baringo,2012-02-01,0
Baringo,2012-03-01,0
Baringo,2012-04-01,0
Baringo,2012-05-01,0
Baringo,2012-06-01,0
Baringo,2012-07-01,0
Baringo,2012-08-01,0
Baringo,2012-09-01,0
Baringo,2012-10-01,0
Baringo,2012-11-01,0
Baringo,2012-12-01,0
Baringo,2013-01-01,0
Baringo,2013-02-01,0
Baringo,2013-03-01,0
Baringo,2013-04-01,0
Baringo,2013-05-01,0
Baringo,2013-06-01,0
Baringo,2013-07-01,0
Baringo,2013-08-01,0
Baringo,2013-09-01,0
Baringo,2013-10-01,0
Baringo,2013-11-01,0
Baringo,2013-12-01,0
Baringo,2014-01-01,0
Baringo,2014-02-01,0
Baringo,2014-03-01,0
Baringo,2014-04-01,0
Baringo,2014-05-01,0
Baringo,2014-06-01,0
Baringo,2014-07-01,0
Baringo,2014-08-01,0
Baringo,2014-09-01,0
Baringo,2014-10-01,0
Baringo,2014-11-01,0
Baringo,2014-12-01,0
Baringo,2015-01-01,0
Baringo,2015-02-01,0
Baringo,2015-03-01,0
Baringo,2015-04-01,0
Baringo,2015-05-01,0
Baringo,2015-06-01,0
Baringo,2015-07-01,0
Baringo,2015-08-01,0
Baringo,2015-09-01,0
Baringo,2015-10-01,0
Baringo,2015-11-01,0
Baringo,2015-12-01,0
Baringo,2016-01-01,0
Baringo,2016-02-01,0
Baringo,2016-03-01,0
Baringo,2016-04-01,0
Baringo,2016-05-01,0
Baringo,2016-06-01,0
Baringo,2016-07-01,0
Baringo,2016-08-01,0
Baringo,2016-09-01,0
Baringo,2016-10-01,0
Baringo,2016-11-01,0
Baringo,2016-12-01,0
Baringo,2017-01-01,0
Baringo,2017-02-01,0
Baringo,2017-03-01,0
Baringo,2017-04-01,0
Baringo,2017-05-01,0
Baringo,2017-06-01,0
Baringo,2017-07-01,0
Baringo,2017-08-01,0
Baringo,2017-09-01,0
Baringo,2017-10-01,0
Baringo,2017-11-01,0
Baringo,2017-12-01,0
Baringo,2018-01-01,0
Baringo,2018-02-01,0
Baringo,2018-03-01,0
Baringo,2018-04-01,0
Baringo,2018-05-01,0
Baringo,2018-06-01,0
Baringo,2018-07-01,0
Baringo,2018-08-01,0
Baringo,2018-09-01,0
Baringo,2018-10-01,0
Baringo,2018-11-01,0
Baringo,2018-12-01,0
Baringo,2019-01-01,1
Baringo,2019-02-01,0
Baringo,2019-03-01,0
Baringo,2019-04-01,0
Baringo,2019-05-01,0
Baringo,2019-06-01,0
Baringo,2019-07-01,0
Baringo,2019-08-01,0
Baringo,2019-09-01,0
Baringo,2019-10-01,0
Baringo,2019-11-01,0
Baringo,2019-12-01,0
Baringo,2020-01-01,0
Baringo,2020-02-01,0
Baringo,2020-03-01,0
Baringo,2020-04-01,0
Baringo,2020-05-01,0
Baringo,2020-06-01,0
Baringo,2020-07-01,0
Baringo,2020-08-01,0
Baringo,2020-09-01,0
Baringo,2020-10-01,0
Baringo,2020-11-01,0
Baringo,2020-12-01,0
Baringo,2021-01-01,0
Baringo,2021-02-01,0
Baringo,2021-03-01,0
Baringo,2021-04-01,0
Baringo,2021-05-01,0
Baringo,2021-06-01,0
Baringo,2021-07-01,0
Baringo,2021-08-01,0
Baringo,2021-09-01,0
Baringo,2021-10-01,0
Baringo,2021-11-01,0
Baringo,2021-12-01,0
Baringo,2022-01-01,0
Baringo,2022-02-01,0
Baringo,2022-03-01,0
Baringo,2022-04-01,0
Baringo,2022-05-01,0
Baringo,2022-06-01,0
Baringo,2022-07-01,0
Baringo,2022-08-01,0
Baringo,2022-09-01,0
Baringo,2022-10-01,0
Baringo,2022-11-01,0
Baringo,2022-12-01,0
Baringo,2023-01-01,0
Baringo,2023-02-01,0
Baringo,2023-03-01,0
Baringo,2023-04-01,0
Baringo,2023-05-01,0
Baringo,2023-06-01,0
Baringo,2023-07-01,0
Baringo,2023-08-01,0
Baringo,2023-09-01,0
Baringo,2023-10-01,0
Baringo,2023-11-01,0
Baringo,2023-12-01,0
Bomet,2005-05-01,0
Bomet,2005-06-01,0
Bomet,2005-07-01,0
Bomet,2005-08-01,0
Bomet,2005-09-01,0
Bomet,2005-10-01,0
Bomet,2005-11-01,0
Bomet,2005-12-01,0
Bomet,2006-01-01,0
Bomet,2006-02-01,0
Bomet,2006-03-01,0
Bomet,2006-04-01,0
Bomet,2006-05-01,0
Bomet,2006-06-01,0
Bomet,2006-07-01,0
Bomet,2006-08-01,0
Bomet,2006-09-01,0
Bomet,2006-10-01,0
Bomet,2006-11-01,0
Bomet,2006-12-01,0
Bomet,2007-01-01,0
Bomet,2007-02-01,0
Bomet,2007-03-01,0
Bomet,2007-04-01,0
Bomet,2007-05-01,0
Bomet,2007-06-01,0
Bomet,2007-07-01,0
Bomet,2007-08-01,0
Bomet,2007-09-01,0
Bomet,2007-10-01,0
Bomet,2007-11-01,0
Bomet,2007-12-01,0
Bomet,2008-01-01,0
Bomet,2008-02-01,0
Bomet,2008-03-01,0
Bomet,2008-04-01,0
Bomet,2008-05-01,0
Bomet,2008-06-01,0
Bomet,2008-07-01,0
Bomet,2008-08-01,0
Bomet,2008-09-01,0
Bomet,2008-10-01,0
Bomet,2008-11-01,0
Bomet,2008-12-01,0
Bomet,2009-01-01,0
Bomet,2009-02-01,0
Bomet,2009-03-01,0
Bomet,2009-04-01,0
Bomet,2009-05-01,0
Bomet,2009-06-01,0
Bomet,2009-07-01,0
Bomet,2009-08-01,0
Bomet,2009-09-01,0
Bomet,2009-10-01,0
Bomet,2009-11-01,0
Bomet,2009-12-01,0
Bomet,2010-01-01,0
Bomet,2010-02-01,0
Bomet,2010-03-01,0
Bomet,2010-04-01,0
Bomet,2010-05-01,0
Bomet,2010-06-01,0
Bomet,2010-07-01,0
Bomet,2010-08-01,0
Bomet,2010-09-01,0
Bomet,2010-10-01,0
Bomet,2010-11-01,0
Bomet,2010-12-01,0
Bomet,2011-01-01,0
Bomet,2011-02-01,0
Bomet,2011-03-01,0
Bomet,2011-04-01,0
Bomet,2011-05-01,0
Bomet,2011-06-01,0
Bomet,2011-07-01,0
Bomet,2011-08-01,0
Bomet,2011-09-01,0
Bomet,2011-10-01,0
Bomet,2011-11-01,0
Bomet,2011-12-01,0
Bomet,2012-01-01,0
Bomet,2012-02-01,0
Bomet,2012-03-01,0
Bomet,2012-04-01,0
Bomet,2012-05-01,0
Bomet,2012-06-01,0
Bomet,2012-07-01,0
Bomet,2012-08-01,0
Bomet,2012-09-01,0
Bomet,2012-10-01,0
Bomet,2012-11-01,0
Bomet,2012-12-01,0
Bomet,2013-01-01,0
Bomet,2013-02-01,0
Bomet,2013-03-01,0
Bomet,2013-04-01,0
Bomet,2013-05-01,0
Bomet,2013-06-01,0
Bomet,2013-07-01,0
Bomet,2013-08-01,0
Bomet,2013-09-01,0
Bomet,2013-10-01,0
Bomet,2013-11-01,0
Bomet,2013-12-01,0
Bomet,2014-01-01,0
Bomet,2014-02-01,0
Bomet,2014-03-01,0
Bomet,2014-04-01,0
Bomet,2014-05-01,0
Bomet,2014-06-01,0
Bomet,2014-07-01,0
Bomet,2014-08-01,0
Bomet,2014-09-01,0
Bomet,2014-10-01,0
Bomet,2014-11-01,0
Bomet,2014-12-01,0
Bomet,2015-01-01,0
Bomet,2015-02-01,0
Bomet,2015-03-01,0
Bomet,2015-04-01,0
Bomet,2015-05-01,0
Bomet,2015-06-01,0
Bomet,2015-07-01,0
Bomet,2015-08-01,0
Bomet,2015-09-01,0
Bomet,2015-10-01,0
Bomet,2015-11-01,0
Bomet,2015-12-01,0
Bomet,2016-01-01,1
Bomet,2016-02-01,0
Bomet,2016-03-01,0
Bomet,2016-04-01,0
Bomet,2016-05-01,0
Bomet,2016-06-01,0
Bomet,2016-07-01,0
Bomet,2016-08-01,0
Bomet,2016-09-01,0
Bomet,2016-10-01,0
Bomet,2016-11-01,0
Bomet,2016-12-01,0
Bomet,2017-01-01,0
Bomet,2017-02-01,0
Bomet,2017-03-01,0
Bomet,2017-04-01,0
Bomet,2017-05-01,0
Bomet,2017-06-01,0
Bomet,2017-07-01,0
Bomet,2017-08-01,0
Bomet,2017-09-01,0
Bomet,2017-10-01,0
Bomet,2017-11-01,0
Bomet,2017-12-01,0
Bomet,2018-01-01,0
Bomet,2018-02-01,0
Bomet,2018-03-01,0
Bomet,2018-04-01,0
Bomet,2018-05-01,0
Bomet,2018-06-01,0
Bomet,2018-07-01,0
Bomet,2018-08-01,0
Bomet,2018-09-01,1
Bomet,2018-10-01,0
Bomet,2018-11-01,0
Bomet,2018-12-01,0
Bomet,2019-01-01,0
Bomet,2019-02-01,0
Bomet,2019-03-01,0
Bomet,2019-04-01,0
Bomet,2019-05-01,1
Bomet,2019-06-01,0
Bomet,2019-07-01,0
Bomet,2019-08-01,0
Bomet,2019-09-01,0
Bomet,2019-10-01,0
Bomet,2019-11-01,0
Bomet,2019-12-01,0
Bomet,2020-01-01,0
Bomet,2020-02-01,0
Bomet,2020-03-01,0
Bomet,2020-04-01,0
Bomet,2020-05-01,0
Bomet,2020-06-01,0
Bomet,2020-07-01,0
Bomet,2020-08-01,0
Bomet,2020-09-01,0
Bomet,2020-10-01,1
Bomet,2020-11-01,0
Bomet,2020-12-01,0
Bomet,2021-01-01,0
Bomet,2021-02-01,0
Bomet,2021-03-01,0
Bomet,2021-04-01,0
Bomet,2021-05-01,0
Bomet,2021-06-01,0
Bomet,2021-07-01,0
Bomet,2021-08-01,0
Bomet,2021-09-01,0
Bomet,2021-10-01,1
Bomet,2021-11-01,0
Bomet,2021-12-01,0
Bomet,2022-01-01,0
Bomet,2022-02-01,0
Bomet,2022-03-01,1
Bomet,2022-04-01,0
Bomet,2022-05-01,0
Bomet,2022-06-01,0
Bomet,2022-07-01,0
Bomet,2022-08-01,0
Bomet,2022-09-01,0
Bomet,2022-10-01,0
Bomet,2022-11-01,0
Bomet,2022-12-01,0
Bomet,2023-01-01,1
Bomet,2023-02-01,0
Bomet,2023-03-01,0
Bomet,2023-04-01,0
Bomet,2023-05-01,0
Bomet,2023-06-01,0
Bomet,2023-07-01,0
Bomet,2023-08-01,0
Bomet,2023-09-01,0
Bomet,2023-10-01,0
Bomet,2023-11-01,0
Bomet,2023-12-01,0
Bungoma,2005-05-01,0
Bungoma,2005-06-01,0
Bungoma,2005-07-01,0
Bungoma,2005-08-01,0
Bungoma,2005-09-01,0
Bungoma,2005-10-01,0
Bungoma,2005-11-01,0
Bungoma,2005-12-01,0
Bungoma,2006-01-01,0
Bungoma,2006-02-01,0
Bungoma,2006-03-01,0
Bungoma,2006-04-01,0
Bungoma,2006-05-01,0
Bungoma,2006-06-01,0
Bungoma,2006-07-01,0
Bungoma,2006-08-01,0
Bungoma,2006-09-01,0
Bungoma,2006-10-01,0
Bungoma,2006-11-01,0
Bungoma,2006-12-01,0
Bungoma,2007-01-01,0
Bungoma,2007-02-01,0
Bungoma,2007-03-01,0
Bungoma,2007-04-01,0
Bungoma,2007-05-01,0
Bungoma,2007-06-01,0
Bungoma,2007-07-01,0
Bungoma,2007-08-01,0
Bungoma,2007-09-01,0
Bungoma,2007-10-01,0
Bungoma,2007-11-01,0
Bungoma,2007-12-01,0
Bungoma,2008-01-01,0
Bungoma,2008-02-01,0
Bungoma,2008-03-01,0
Bungoma,2008-04-01,0
Bungoma,2008-05-01,0
Bungoma,2008-06-01,0
Bungoma,2008-07-01,0
Bungoma,2008-08-01,0
Bungoma,2008-09-01,0
Bungoma,2008-10-01,0
Bungoma,2008-11-01,0
Bungoma,2008-12-01,0
Bungoma,2009-01-01,0
Bungoma,2009-02-01,0
Bungoma,2009-03-01,0
Bungoma,2009-04-01,0
Bungoma,2009-05-01,0
Bungoma,2009-06-01,0
Bungoma,2009-07-01,0
Bungoma,2009-08-01,0
Bungoma,2009-09-01,0
Bungoma,2009-10-01,0
Bungoma,2009-11-01,0
Bungoma,2009-12-01,0
Bungoma,2010-01-01,0
Bungoma,2010-02-01,0
Bungoma,2010-03-01,0
Bungoma,2010-04-01,0
Bungoma,2010-05-01,0
Bungoma,2010-06-01,0
Bungoma,2010-07-01,0
Bungoma,2010-08-01,0
Bungoma,2010-09-01,0
Bungoma,2010-10-01,0
Bungoma,2010-11-01,0
Bungoma,2010-12-01,0
Bungoma,2011-01-01,0
Bungoma,2011-02-01,0
Bungoma,2011-03-01,0
Bungoma,2011-04-01,0
Bungoma,2011-05-01,0
Bungoma,2011-06-01,0
Bungoma,2011-07-01,0
Bungoma,2011-08-01,0
Bungoma,2011-09-01,0
Bungoma,2011-10-01,0
Bungoma,2011-11-01,0
Bungoma,2011-12-01,0
Bungoma,2012-01-01,0
Bungoma,2012-02-01,0
Bungoma,2012-03-01,0
Bungoma,2012-04-01,0
Bungoma,2012-05-01,0
Bungoma,2012-06-01,0
Bungoma,2012-07-01,0
Bungoma,2012-08-01,0
Bungoma,2012-09-01,0
Bungoma,2012-10-01,0
Bungoma,2012-11-01,0
Bungoma,2012-12-01,0
Bungoma,2013-01-01,0
Bungoma,2013-02-01,0
Bungoma,2013-03-01,0
Bungoma,2013-04-01,0
Bungoma,2013-05-01,0
Bungoma,2013-06-01,0
Bungoma,2013-07-01,0
Bungoma,2013-08-01,0
Bungoma,2013-09-01,0
Bungoma,2013-10-01,0
Bungoma,2013-11-01,0
Bungoma,2013-12-01,0
Bungoma,2014-01-01,0
Bungoma,2014-02-01,0
Bungoma,2014-03-01,0
Bungoma,2014-04-01,0
Bungoma,2014-05-01,0
Bungoma,2014-06-01,0
Bungoma,2014-07-01,0
Bungoma,2014-08-01,0
Bungoma,2014-09-01,0
Bungoma,2014-10-01,0
Bungoma,2014-11-01,0
Bungoma,2014-12-01,0
Bungoma,2015-01-01,0
Bungoma,2015-02-01,0
Bungoma,2015-03-01,0
Bungoma,2015-04-01,0
Bungoma,2015-05-01,0
Bungoma,2015-06-01,0
Bungoma,2015-07-01,0
Bungoma,2015-08-01,0
Bungoma,2015-09-01,0
Bungoma,2015-10-01,0
Bungoma,2015-11-01,0
Bungoma,2015-12-01,0
Bungoma,2016-01-01,0
Bungoma,2016-02-01,0
Bungoma,2016-03-01,0
Bungoma,2016-04-01,0
Bungoma,2016-05-01,0
Bungoma,2016-06-01,0
Bungoma,2016-07-01,0
Bungoma,2016-08-01,0
Bungoma,2016-09-01,0
Bungoma,2016-10-01,0
Bungoma,2016-11-01,0
Bungoma,2016-12-01,0
Bungoma,2017-01-01,0
Bungoma,2017-02-01,0
Bungoma,2017-03-01,1
Bungoma,2017-04-01,1
Bungoma,2017-05-01,0
Bungoma,2017-06-01,0
Bungoma,2017-07-01,0
Bungoma,2017-08-01,0
Bungoma,2017-09-01,0
Bungoma,2017-10-01,0
Bungoma,2017-11-01,0
Bungoma,2017-12-01,0
Bungoma,2018-01-01,1
Bungoma,2018-02-01,1
Bungoma,2018-03-01,0
Bungoma,2018-04-01,0
Bungoma,2018-05-01,0
Bungoma,2018-06-01,0
Bungoma,2018-07-01,2
Bungoma,2018-08-01,0
Bungoma,2018-09-01,0
Bungoma,2018-10-01,2
Bungoma,2018-11-01,0
Bungoma,2018-12-01,0
Bungoma,2019-01-01,0
Bungoma,2019-02-01,0
Bungoma,2019-03-01,0
Bungoma,2019-04-01,0
Bungoma,2019-05-01,0
Bungoma,2019-06-01,0
Bungoma,2019-07-01,0
Bungoma,2019-08-01,1
Bungoma,2019-09-01,0
Bungoma,2019-10-01,0
Bungoma,2019-11-01,0
Bungoma,2019-12-01,0
Bungoma,2020-01-01,0
Bungoma,2020-02-01,0
Bungoma,2020-03-01,0
Bungoma,2020-04-01,0
Bungoma,2020-05-01,0
Bungoma,2020-06-01,0
Bungoma,2020-07-01,0
Bungoma,2020-08-01,0
Bungoma,2020-09-01,0
Bungoma,2020-10-01,0
Bungoma,2020-11-01,0
Bungoma,2020-12-01,0
Bungoma,2021-01-01,0
Bungoma,2021-02-01,0
Bungoma,2021-03-01,0
Bungoma,2021-04-01,0
Bungoma,2021-05-01,0
Bungoma,2021-06-01,0
Bungoma,2021-07-01,0
Bungoma,2021-08-01,0
Bungoma,2021-09-01,0
Bungoma,2021-10-01,0
Bungoma,2021-11-01,0
Bungoma,2021-12-01,0
Bungoma,2022-01-01,0
Bungoma,2022-02-01,0
Bungoma,2022-03-01,0
Bungoma,2022-04-01,0
Bungoma,2022-05-01,0
Bungoma,2022-06-01,0
Bungoma,2022-07-01,0
Bungoma,2022-08-01,0
Bungoma,2022-09-01,0
Bungoma,2022-10-01,0
Bungoma,2022-11-01,0
Bungoma,2022-12-01,0
Bungoma,2023-01-01,0
Bungoma,2023-02-01,0
Bungoma,2023-03-01,0
Bungoma,2023-04-01,0
Bungoma,2023-05-01,0
Bungoma,2023-06-01,0
Bungoma,2023-07-01,1
Bungoma,2023-08-01,0
Bungoma,2023-09-01,0
Bungoma,2023-10-01,0
Bungoma,2023-11-01,0
Bungoma,2023-12-01,0
Busia,2005-05-01,0
Busia,2005-06-01,0
Busia,2005-07-01,0
Busia,2005-08-01,0
Busia,2005-09-01,0
Busia,2005-10-01,0
Busia,2005-11-01,0
Busia,2005-12-01,0
Busia,2006-01-01,0
Busia,2006-02-01,0
Busia,2006-03-01,0
Busia,2006-04-01,0
Busia,2006-05-01,0
Busia,2006-06-01,0
Busia,2006-07-01,0
Busia,2006-08-01,0
Busia,2006-09-01,0
Busia,2006-10-01,0
Busia,2006-11-01,0
Busia,2006-12-01,0
Busia,2007-01-01,0
Busia,2007-02-01,0
Busia,2007-03-01,0
Busia,2007-04-01,0
Busia,2007-05-01,0
Busia,2007-06-01,0
Busia,2007-07-01,0
Busia,2007-08-01,0
Busia,2007-09-01,0
Busia,2007-10-01,0
Busia,2007-11-01,0
Busia,2007-12-01,0
Busia,2008-01-01,0
Busia,2008-02-01,0
Busia,2008-03-01,0
Busia,2008-04-01,0
Busia,2008-05-01,0
Busia,2008-06-01,0
Busia,2008-07-01,0
Busia,2008-08-01,0
Busia,2008-09-01,0
Busia,2008-10-01,0
Busia,2008-11-01,0
Busia,2008-12-01,0
Busia,2009-01-01,0
Busia,2009-02-01,0
Busia,2009-03-01,0
Busia,2009-04-01,0
Busia,2009-05-01,0
Busia,2009-06-01,0
Busia,2009-07-01,0
Busia,2009-08-01,0
Busia,2009-09-01,0
Busia,2009-10-01,0
Busia,2009-11-01,0
Busia,2009-12-01,0
Busia,2010-01-01,0
Busia,2010-02-01,0
Busia,2010-03-01,0
Busia,2010-04-01,0
Busia,2010-05-01,0
Busia,2010-06-01,0
Busia,2010-07-01,0
Busia,2010-08-01,0
Busia,2010-09-01,0
Busia,2010-10-01,0
Busia,2010-11-01,0
Busia,2010-12-01,0
Busia,2011-01-01,0
Busia,2011-02-01,0
Busia,2011-03-01,0
Busia,2011-04-01,0
Busia,2011-05-01,0
Busia,2011-06-01,0
Busia,2011-07-01,0
Busia,2011-08-01,0
Busia,2011-09-01,0
Busia,2011-10-01,0
Busia,2011-11-01,0
Busia,2011-12-01,0
Busia,2012-01-01,0
Busia,2012-02-01,0
Busia,2012-03-01,0
Busia,2012-04-01,0
Busia,2012-05-01,0
Busia,2012-06-01,0
Busia,2012-07-01,0
Busia,2012-08-01,0
Busia,2012-09-01,0
Busia,2012-10-01,0
Busia,2012-11-01,0
Busia,2012-12-01,0
Busia,2013-01-01,0
Busia,2013-02-01,0
Busia,2013-03-01,0
Busia,2013-04-01,0
Busia,2013-05-01,0
Busia,2013-06-01,0
Busia,2013-07-01,0
Busia,2013-08-01,0
Busia,2013-09-01,0
Busia,2013-10-01,0
Busia,2013-11-01,0
Busia,2013-12-01,0
Busia,2014-01-01,0
Busia,2014-02-01,0
Busia,2014-03-01,0
Busia,2014-04-01,0
Busia,2014-05-01,0
Busia,2014-06-01,0
Busia,2014-07-01,0
Busia,2014-08-01,0
Busia,2014-09-01,0
Busia,2014-10-01,0
Busia,2014-11-01,0
Busia,2014-12-01,0
Busia,2015-01-01,0
Busia,2015-02-01,0
Busia,2015-03-01,0
Busia,2015-04-01,0
Busia,2015-05-01,0
Busia,2015-06-01,0
Busia,2015-07-01,0
Busia,2015-08-01,0
Busia,2015-09-01,0
Busia,2015-10-01,0
Busia,2015-11-01,0
Busia,2015-12-01,0
Busia,2016-01-01,0
Busia,2016-02-01,0
Busia,2016-03-01,0
Busia,2016-04-01,0
Busia,2016-05-01,0
Busia,2016-06-01,0
Busia,2016-07-01,0
Busia,2016-08-01,0
Busia,2016-09-01,0
Busia,2016-10-01,0
Busia,2016-11-01,0
Busia,2016-12-01,0
Busia,2017-01-01,0
Busia,2017-02-01,0
Busia,2017-03-01,0
Busia,2017-04-01,0
Busia,2017-05-01,0
Busia,2017-06-01,0
Busia,2017-07-01,0
Busia,2017-08-01,0
Busia,2017-09-01,1
Busia,2017-10-01,0
Busia,2017-11-01,0
Busia,2017-12-01,0
Busia,2018-01-01,0
Busia,2018-02-01,0
Busia,2018-03-01,0
Busia,2018-04-01,0
Busia,2018-05-01,0
Busia,2018-06-01,0
Busia,2018-07-01,0
Busia,2018-08-01,0
Busia,2018-09-01,0
Busia,2018-10-01,0
Busia,2018-11-01,0
Busia,2018-12-01,0
Busia,2019-01-01,0
Busia,2019-02-01,0
Busia,2019-03-01,0
Busia,2019-04-01,0
Busia,2019-05-01,0
Busia,2019-06-01,0
Busia,2019-07-01,0
Busia,2019-08-01,0
Busia,2019-09-01,0
Busia,2019-10-01,0
Busia,2019-11-01,0
Busia,2019-12-01,1
Busia,2020-01-01,0
Busia,2020-02-01,0
Busia,2020-03-01,0
Busia,2020-04-01,0
Busia,2020-05-01,0
Busia,2020-06-01,0
Busia,2020-07-01,0
Busia,2020-08-01,0
Busia,2020-09-01,1
Busia,2020-10-01,0
Busia,2020-11-01,0
Busia,2020-12-01,0
Busia,2021-01-01,0
Busia,2021-02-01,0
Busia,2021-03-01,0
Busia,2021-04-01,0
Busia,2021-05-01,1
Busia,2021-06-01,1
Busia,2021-07-01,0
Busia,2021-08-01,0
Busia,2021-09-01,0
Busia,2021-10-01,0
Busia,2021-11-01,0
Busia,2021-12-01,0
Busia,2022-01-01,0
Busia,2022-02-01,0
Busia,2022-03-01,0
Busia,2022-04-01,0
Busia,2022-05-01,0
Busia,2022-06-01,0
Busia,2022-07-01,0
Busia,2022-08-01,0
Busia,2022-09-01,0
Busia,2022-10-01,0
Busia,2022-11-01,0
Busia,2022-12-01,0
Busia,2023-01-01,0
Busia,2023-02-01,0
Busia,2023-03-01,0
Busia,2023-04-01,0
Busia,2023-05-01,0
Busia,2023-06-01,0
Busia,2023-07-01,0
Busia,2023-08-01,0
Busia,2023-09-01,0
Busia,2023-10-01,0
Busia,2023-11-01,0
Busia,2023-12-01,0
Elgeyo Marakwet,2005-05-01,0
Elgeyo Marakwet,2005-06-01,0
Elgeyo Marakwet,2005-07-01,0
Elgeyo Marakwet,2005-08-01,0
Elgeyo Marakwet,2005-09-01,0
Elgeyo Marakwet,2005-10-01,0
Elgeyo Marakwet,2005-11-01,0
Elgeyo Marakwet,2005-12-01,0
Elgeyo Marakwet,2006-01-01,0
Elgeyo Marakwet,2006-02-01,0
Elgeyo Marakwet,2006-03-01,0
Elgeyo Marakwet,2006-04-01,0
Elgeyo Marakwet,2006-05-01,0
Elgeyo Marakwet,2006-06-01,0
Elgeyo Marakwet,2006-07-01,0
Elgeyo Marakwet,2006-08-01,0
Elgeyo Marakwet,2006-09-01,0
Elgeyo Marakwet,2006-10-01,0
Elgeyo Marakwet,2006-11-01,0
Elgeyo Marakwet,2006-12-01,0
Elgeyo Marakwet,2007-01-01,0
Elgeyo Marakwet,2007-02-01,0
Elgeyo Marakwet,2007-03-01,0
Elgeyo Marakwet,2007-04-01,0
Elgeyo Marakwet,2007-05-01,0
Elgeyo Marakwet,2007-06-01,0
Elgeyo Marakwet,2007-07-01,0
Elgeyo Marakwet,2007-08-01,0
Elgeyo Marakwet,2007-09-01,0
Elgeyo Marakwet,2007-10-01,0
Elgeyo Marakwet,2007-11-01,0
Elgeyo Marakwet,2007-12-01,0
Elgeyo Marakwet,2008-01-01,0
Elgeyo Marakwet,2008-02-01,0
Elgeyo Marakwet,2008-03-01,0
Elgeyo Marakwet,2008-04-01,0
Elgeyo Marakwet,2008-05-01,0
Elgeyo Marakwet,2008-06-01,0
Elgeyo Marakwet,2008-07-01,0
Elgeyo Marakwet,2008-08-01,0
Elgeyo Marakwet,2008-09-01,0
Elgeyo Marakwet,2008-10-01,0
Elgeyo Marakwet,2008-11-01,0
Elgeyo Marakwet,2008-12-01,0
Elgeyo Marakwet,2009-01-01,0
Elgeyo Marakwet,2009-02-01,0
Elgeyo Marakwet,2009-03-01,0
Elgeyo Marakwet,2009-04-01,0
Elgeyo Marakwet,2009-05-01,0
Elgeyo Marakwet,2009-06-01,0
Elgeyo Marakwet,2009-07-01,0
Elgeyo Marakwet,2009-08-01,0
Elgeyo Marakwet,2009-09-01,0
Elgeyo Marakwet,2009-10-01,0
Elgeyo Marakwet,2009-11-01,0
Elgeyo Marakwet,2009-12-01,0
Elgeyo Marakwet,2010-01-01,0
Elgeyo Marakwet,2010-02-01,0
Elgeyo Marakwet,2010-03-01,0
Elgeyo Marakwet,2010-04-01,0
Elgeyo Marakwet,2010-05-01,0
Elgeyo Marakwet,2010-06-01,0
Elgeyo Marakwet,2010-07-01,0
Elgeyo Marakwet,2010-08-01,0
Elgeyo Marakwet,2010-09-01,0
Elgeyo Marakwet,2010-10-01,0
Elgeyo Marakwet,2010-11-01,0
Elgeyo Marakwet,2010-12-01,0
Elgeyo Marakwet,2011-01-01,0
Elgeyo Marakwet,2011-02-01,0
Elgeyo Marakwet,2011-03-01,0
Elgeyo Marakwet,2011-04-01,0
Elgeyo Marakwet,2011-05-01,0
Elgeyo Marakwet,2011-06-01,0
Elgeyo Marakwet,2011-07-01,0
Elgeyo Marakwet,2011-08-01,0
Elgeyo Marakwet,2011-09-01,0
Elgeyo Marakwet,2011-10-01,0
Elgeyo Marakwet,2011-11-01,0
Elgeyo Marakwet,2011-12-01,0
Elgeyo Marakwet,2012-01-01,0
Elgeyo Marakwet,2012-02-01,0
Elgeyo Marakwet,2012-03-01,0
Elgeyo Marakwet,2012-04-01,0
Elgeyo Marakwet,2012-05-01,0
Elgeyo Marakwet,2012-06-01,0
Elgeyo Marakwet,2012-07-01,0
Elgeyo Marakwet,2012-08-01,0
Elgeyo Marakwet,2012-09-01,0
Elgeyo Marakwet,2012-10-01,0
Elgeyo Marakwet,2012-11-01,0
Elgeyo Marakwet,2012-12-01,0
Elgeyo Marakwet,2013-01-01,0
Elgeyo Marakwet,2013-02-01,0
Elgeyo Marakwet,2013-03-01,0
Elgeyo Marakwet,2013-04-01,0
Elgeyo Marakwet,2013-05-01,0
Elgeyo Marakwet,2013-06-01,0
Elgeyo Marakwet,2013-07-01,0
Elgeyo Marakwet,2013-08-01,0
Elgeyo Marakwet,2013-09-01,0
Elgeyo Marakwet,2013-10-01,0
Elgeyo Marakwet,2013-11-01,0
Elgeyo Marakwet,2013-12-01,0
Elgeyo Marakwet,2014-01-01,0
Elgeyo Marakwet,2014-02-01,0
Elgeyo Marakwet,2014-03-01,0
Elgeyo Marakwet,2014-04-01,0
Elgeyo Marakwet,2014-05-01,0
Elgeyo Marakwet,2014-06-01,0
Elgeyo Marakwet,2014-07-01,0
Elgeyo Marakwet,2014-08-01,0
Elgeyo Marakwet,2014-09-01,0
Elgeyo Marakwet,2014-10-01,0
Elgeyo Marakwet,2014-11-01,0
Elgeyo Marakwet,2014-12-01,0
Elgeyo Marakwet,2015-01-01,0
Elgeyo Marakwet,2015-02-01,0
Elgeyo Marakwet,2015-03-01,0
Elgeyo Marakwet,2015-04-01,0
Elgeyo Marakwet,2015-05-01,0
Elgeyo Marakwet,2015-06-01,0
Elgeyo Marakwet,2015-07-01,0
Elgeyo Marakwet,2015-08-01,0
Elgeyo Marakwet,2015-09-01,0
Elgeyo Marakwet,2015-10-01,0
Elgeyo Marakwet,2015-11-01,0
Elgeyo Marakwet,2015-12-01,0
Elgeyo Marakwet,2016-01-01,0
Elgeyo Marakwet,2016-02-01,0
Elgeyo Marakwet,2016-03-01,0
Elgeyo Marakwet,2016-04-01,0
Elgeyo Marakwet,2016-05-01,0
Elgeyo Marakwet,2016-06-01,0
Elgeyo Marakwet,2016-07-01,0
Elgeyo Marakwet,2016-08-01,0
Elgeyo Marakwet,2016-09-01,0
Elgeyo Marakwet,2016-10-01,0
Elgeyo Marakwet,2016-11-01,0
Elgeyo Marakwet,2016-12-01,0
Elgeyo Marakwet,2017-01-01,0
Elgeyo Marakwet,2017-02-01,0
Elgeyo Marakwet,2017-03-01,0
Elgeyo Marakwet,2017-04-01,0
Elgeyo Marakwet,2017-05-01,0
Elgeyo Marakwet,2017-06-01,0
Elgeyo Marakwet,2017-07-01,0
Elgeyo Marakwet,2017-08-01,0
Elgeyo Marakwet,2017-09-01,0
Elgeyo Marakwet,2017-10-01,0
Elgeyo Marakwet,2017-11-01,0
Elgeyo Marakwet,2017-12-01,0
Elgeyo Marakwet,2018-01-01,0
Elgeyo Marakwet,2018-02-01,0
Elgeyo Marakwet,2018-03-01,0
Elgeyo Marakwet,2018-04-01,0
Elgeyo Marakwet,2018-05-01,0
Elgeyo Marakwet,2018-06-01,2
Elgeyo Marakwet,2018-07-01,0
Elgeyo Marakwet,2018-08-01,0
Elgeyo Marakwet,2018-09-01,0
Elgeyo Marakwet,2018-10-01,0
Elgeyo Marakwet,2018-11-01,0
Elgeyo Marakwet,2018-12-01,0
Elgeyo Marakwet,2019-01-01,0
Elgeyo Marakwet,2019-02-01,0
Elgeyo Marakwet,2019-03-01,0
Elgeyo Marakwet,2019-04-01,0
Elgeyo Marakwet,2019-05-01,0
Elgeyo Marakwet,2019-06-01,0
Elgeyo Marakwet,2019-07-01,0
Elgeyo Marakwet,2019-08-01,0
Elgeyo Marakwet,2019-09-01,0
Elgeyo Marakwet,2019-10-01,0
Elgeyo Marakwet,2019-11-01,0
Elgeyo Marakwet,2019-12-01,0
Elgeyo Marakwet,2020-01-01,0
Elgeyo Marakwet,2020-02-01,0
Elgeyo Marakwet,2020-03-01,0
Elgeyo Marakwet,2020-04-01,0
Elgeyo Marakwet,2020-05-01,0
Elgeyo Marakwet,2020-06-01,0
Elgeyo Marakwet,2020-07-01,0
Elgeyo Marakwet,2020-08-01,0
Elgeyo Marakwet,2020-09-01,0
Elgeyo Marakwet,2020-10-01,0
Elgeyo Marakwet,2020-11-01,0
Elgeyo Marakwet,2020-12-01,0
Elgeyo Marakwet,2021-01-01,0
Elgeyo Marakwet,2021-02-01,0
Elgeyo Marakwet,2021-03-01,0
Elgeyo Marakwet,2021-04-01,0
Elgeyo Marakwet,2021-05-01,1
Elgeyo Marakwet,2021-06-01,0
Elgeyo Marakwet,2021-07-01,0
Elgeyo Marakwet,2021-08-01,0
Elgeyo Marakwet,2021-09-01,0
Elgeyo Marakwet,2021-10-01,1
Elgeyo Marakwet,2021-11-01,0
Elgeyo Marakwet,2021-12-01,0
Elgeyo Marakwet,2022-01-01,0
Elgeyo Marakwet,2022-02-01,0
Elgeyo Marakwet,2022-03-01,0
Elgeyo Marakwet,2022-04-01,1
Elgeyo Marakwet,2022-05-01,0
Elgeyo Marakwet,2022-06-01,0
Elgeyo Marakwet,2022-07-01,0
Elgeyo Marakwet,2022-08-01,0
Elgeyo Marakwet,2022-09-01,0
Elgeyo Marakwet,2022-10-01,0
Elgeyo Marakwet,2022-11-01,0
Elgeyo Marakwet,2022-12-01,0
Elgeyo Marakwet,2023-01-01,0
Elgeyo Marakwet,2023-02-01,0
Elgeyo Marakwet,2023-03-01,0
Elgeyo Marakwet,2023-04-01,0
Elgeyo Marakwet,2023-05-01,0
Elgeyo Marakwet,2023-06-01,0
Elgeyo Marakwet,2023-07-01,0
Elgeyo Marakwet,2023-08-01,0
Elgeyo Marakwet,2023-09-01,0
Elgeyo Marakwet,2023-10-01,0
Elgeyo Marakwet,2023-11-01,0
Elgeyo Marakwet,2023-12-01,0
Embu,2005-05-01,0
Embu,2005-06-01,0
Embu,2005-07-01,0
Embu,2005-08-01,0
Embu,2005-09-01,0
Embu,2005-10-01,0
Embu,2005-11-01,0
Embu,2005-12-01,0
Embu,2006-01-01,0
Embu,2006-02-01,0
Embu,2006-03-01,0
Embu,2006-04-01,0
Embu,2006-05-01,0
Embu,2006-06-01,0
Embu,2006-07-01,0
Embu,2006-08-01,0
Embu,2006-09-01,0
Embu,2006-10-01,0
Embu,2006-11-01,0
Embu,2006-12-01,0
Embu,2007-01-01,0
Embu,2007-02-01,0
Embu,2007-03-01,0
Embu,2007-04-01,0
Embu,2007-05-01,0
Embu,2007-06-01,0
Embu,2007-07-01,0
Embu,2007-08-01,0
Embu,2007-09-01,0
Embu,2007-10-01,0
Embu,2007-11-01,0
Embu,2007-12-01,0
Embu,2008-01-01,0
Embu,2008-02-01,0
Embu,2008-03-01,0
Embu,2008-04-01,0
Embu,2008-05-01,0
Embu,2008-06-01,0
Embu,2008-07-01,0
Embu,2008-08-01,0
Embu,2008-09-01,0
Embu,2008-10-01,0
Embu,2008-11-01,0
Embu,2008-12-01,0
Embu,2009-01-01,0
Embu,2009-02-01,0
Embu,2009-03-01,0
Embu,2009-04-01,0
Embu,2009-05-01,0
Embu,2009-06-01,0
Embu,2009-07-01,0
Embu,2009-08-01,0
Embu,2009-09-01,0
Embu,2009-10-01,0
Embu,2009-11-01,0
Embu,2009-12-01,0
Embu,2010-01-01,0
Embu,2010-02-01,0
Embu,2010-03-01,0
Embu,2010-04-01,0
Embu,2010-05-01,0
Embu,2010-06-01,0
Embu,2010-07-01,0
Embu,2010-08-01,0
Embu,2010-09-01,0
Embu,2010-10-01,0
Embu,2010-11-01,0
Embu,2010-12-01,0
Embu,2011-01-01,0
Embu,2011-02-01,0
Embu,2011-03-01,0
Embu,2011-04-01,0
Embu,2011-05-01,0
Embu,2011-06-01,0
Embu,2011-07-01,0
Embu,2011-08-01,0
Embu,2011-09-01,0
Embu,2011-10-01,0
Embu,2011-11-01,0
Embu,2011-12-01,0
Embu,2012-01-01,0
Embu,2012-02-01,0
Embu,2012-03-01,0
Embu,2012-04-01,0
Embu,2012-05-01,0
Embu,2012-06-01,0
Embu,2012-07-01,0
Embu,2012-08-01,0
Embu,2012-09-01,0
Embu,2012-10-01,0
Embu,2012-11-01,0
Embu,2012-12-01,0
Embu,2013-01-01,0
Embu,2013-02-01,0
Embu,2013-03-01,0
Embu,2013-04-01,0
Embu,2013-05-01,0
Embu,2013-06-01,0
Embu,2013-07-01,0
Embu,2013-08-01,0
Embu,2013-09-01,0
Embu,2013-10-01,0
Embu,2013-11-01,0
Embu,2013-12-01,0
Embu,2014-01-01,0
Embu,2014-02-01,0
Embu,2014-03-01,0
Embu,2014-04-01,0
Embu,2014-05-01,0
Embu,2014-06-01,0
Embu,2014-07-01,0
Embu,2014-08-01,0
Embu,2014-09-01,0
Embu,2014-10-01,0
Embu,2014-11-01,0
Embu,2014-12-01,0
Embu,2015-01-01,0
Embu,2015-02-01,0
Embu,2015-03-01,0
Embu,2015-04-01,0
Embu,2015-05-01,0
Embu,2015-06-01,0
Embu,2015-07-01,0
Embu,2015-08-01,0
Embu,2015-09-01,0
Embu,2015-10-01,0
Embu,2015-11-01,0
Embu,2015-12-01,0
Embu,2016-01-01,0
Embu,2016-02-01,0
Embu,2016-03-01,0
Embu,2016-04-01,0
Embu,2016-05-01,0
Embu,2016-06-01,0
Embu,2016-07-01,0
Embu,2016-08-01,0
Embu,2016-09-01,0
Embu,2016-10-01,0
Embu,2016-11-01,0
Embu,2016-12-01,0
Embu,2017-01-01,0
Embu,2017-02-01,0
Embu,2017-03-01,0
Embu,2017-04-01,1
Embu,2017-05-01,0
Embu,2017-06-01,1
Embu,2017-07-01,0
Embu,2017-08-01,0
Embu,2017-09-01,0
Embu,2017-10-01,0
Embu,2017-11-01,0
Embu,2017-12-01,0
Embu,2018-01-01,0
Embu,2018-02-01,0
Embu,2018-03-01,0
Embu,2018-04-01,0
Embu,2018-05-01,0
Embu,2018-06-01,1
Embu,2018-07-01,0
Embu,2018-08-01,0
Embu,2018-09-01,0
Embu,2018-10-01,0
Embu,2018-11-01,0
Embu,2018-12-01,0
Embu,2019-01-01,0
Embu,2019-02-01,0
Embu,2019-03-01,0
Embu,2019-04-01,0
Embu,2019-05-01,0
Embu,2019-06-01,0
Embu,2019-07-01,0
Embu,2019-08-01,0
Embu,2019-09-01,0
Embu,2019-10-01,0
Embu,2019-11-01,0
Embu,2019-12-01,0
Embu,2020-01-01,0
Embu,2020-02-01,0
Embu,2020-03-01,1
Embu,2020-04-01,1
Embu,2020-05-01,0
Embu,2020-06-01,0
Embu,2020-07-01,1
Embu,2020-08-01,0
Embu,2020-09-01,0
Embu,2020-10-01,0
Embu,2020-11-01,0
Embu,2020-12-01,0
Embu,2021-01-01,0
Embu,2021-02-01,1
Embu,2021-03-01,0
Embu,2021-04-01,0
Embu,2021-05-01,0
Embu,2021-06-01,1
Embu,2021-07-01,0
Embu,2021-08-01,0
Embu,2021-09-01,0
Embu,2021-10-01,0
Embu,2021-11-01,1
Embu,2021-12-01,0
Embu,2022-01-01,0
Embu,2022-02-01,0
Embu,2022-03-01,0
Embu,2022-04-01,0
Embu,2022-05-01,0
Embu,2022-06-01,0
Embu,2022-07-01,0
Embu,2022-08-01,0
Embu,2022-09-01,0
Embu,2022-10-01,0
Embu,2022-11-01,0
Embu,2022-12-01,0
Embu,2023-01-01,0
Embu,2023-02-01,0
Embu,2023-03-01,0
Embu,2023-04-01,0
Embu,2023-05-01,0
Embu,2023-06-01,1
Embu,2023-07-01,0
Embu,2023-08-01,0
Embu,2023-09-01,0
Embu,2023-10-01,0
Embu,2023-11-01,0
Embu,2023-12-01,0
Garissa,2005-05-01,0
Garissa,2005-06-01,0
Garissa,2005-07-01,0
Garissa,2005-08-01,0
Garissa,2005-09-01,0
Garissa,2005-10-01,0
Garissa,2005-11-01,0
Garissa,2005-12-01,0
Garissa,2006-01-01,0
Garissa,2006-02-01,0
Garissa,2006-03-01,0
Garissa,2006-04-01,0
Garissa,2006-05-01,0
Garissa,2006-06-01,0
Garissa,2006-07-01,0
Garissa,2006-08-01,0
Garissa,2006-09-01,0
Garissa,2006-10-01,0
Garissa,2006-11-01,0
Garissa,2006-12-01,0
Garissa,2007-01-01,0
Garissa,2007-02-01,0
Garissa,2007-03-01,0
Garissa,2007-04-01,0
Garissa,2007-05-01,0
Garissa,2007-06-01,0
Garissa,2007-07-01,0
Garissa,2007-08-01,0
Garissa,2007-09-01,0
Garissa,2007-10-01,0
Garissa,2007-11-01,0
Garissa,2007-12-01,0
Garissa,2008-01-01,0
Garissa,2008-02-01,0
Garissa,2008-03-01,0
Garissa,2008-04-01,0
Garissa,2008-05-01,0
Garissa,2008-06-01,0
Garissa,2008-07-01,0
Garissa,2008-08-01,0
Garissa,2008-09-01,0
Garissa,2008-10-01,0
Garissa,2008-11-01,0
Garissa,2008-12-01,0
Garissa,2009-01-01,0
Garissa,2009-02-01,0
Garissa,2009-03-01,0
Garissa,2009-04-01,0
Garissa,2009-05-01,0
Garissa,2009-06-01,0
Garissa,2009-07-01,0
Garissa,2009-08-01,0
Garissa,2009-09-01,0
Garissa,2009-10-01,0
Garissa,2009-11-01,0
Garissa,2009-12-01,0
Garissa,2010-01-01,0
Garissa,2010-02-01,0
Garissa,2010-03-01,0
Garissa,2010-04-01,0
Garissa,2010-05-01,0
Garissa,2010-06-01,0
Garissa,2010-07-01,0
Garissa,2010-08-01,0
Garissa,2010-09-01,0
Garissa,2010-10-01,0
Garissa,2010-11-01,0
Garissa,2010-12-01,0
Garissa,2011-01-01,0
Garissa,2011-02-01,0
Garissa,2011-03-01,0
Garissa,2011-04-01,0
Garissa,2011-05-01,0
Garissa,2011-06-01,0
Garissa,2011-07-01,0
Garissa,2011-08-01,0
Garissa,2011-09-01,0
Garissa,2011-10-01,0
Garissa,2011-11-01,0
Garissa,2011-12-01,0
Garissa,2012-01-01,0
Garissa,2012-02-01,0
Garissa,2012-03-01,0
Garissa,2012-04-01,0
Garissa,2012-05-01,0
Garissa,2012-06-01,0
Garissa,2012-07-01,0
Garissa,2012-08-01,0
Garissa,2012-09-01,0
Garissa,2012-10-01,0
Garissa,2012-11-01,0
Garissa,2012-12-01,0
Garissa,2013-01-01,0
Garissa,2013-02-01,0
Garissa,2013-03-01,0
Garissa,2013-04-01,0
Garissa,2013-05-01,0
Garissa,2013-06-01,0
Garissa,2013-07-01,0
Garissa,2013-08-01,0
Garissa,2013-09-01,0
Garissa,2013-10-01,0
Garissa,2013-11-01,0
Garissa,2013-12-01,0
Garissa,2014-01-01,0
Garissa,2014-02-01,0
Garissa,2014-03-01,0
Garissa,2014-04-01,0
Garissa,2014-05-01,0
Garissa,2014-06-01,0
Garissa,2014-07-01,0
Garissa,2014-08-01,0
Garissa,2014-09-01,0
Garissa,2014-10-01,0
Garissa,2014-11-01,0
Garissa,2014-12-01,0
Garissa,2015-01-01,0
Garissa,2015-02-01,0
Garissa,2015-03-01,0
Garissa,2015-04-01,0
Garissa,2015-05-01,0
Garissa,2015-06-01,0
Garissa,2015-07-01,0
Garissa,2015-08-01,0
Garissa,2015-09-01,0
Garissa,2015-10-01,0
Garissa,2015-11-01,0
Garissa,2015-12-01,0
Garissa,2016-01-01,0
Garissa,2016-02-01,0
Garissa,2016-03-01,0
Garissa,2016-04-01,0
Garissa,2016-05-01,0
Garissa,2016-06-01,0
Garissa,2016-07-01,0
Garissa,2016-08-01,0
Garissa,2016-09-01,0
Garissa,2016-10-01,0
Garissa,2016-11-01,0
Garissa,2016-12-01,0
Garissa,2017-01-01,0
Garissa,2017-02-01,0
Garissa,2017-03-01,0
Garissa,2017-04-01,0
Garissa,2017-05-01,0
Garissa,2017-06-01,0
Garissa,2017-07-01,0
Garissa,2017-08-01,0
Garissa,2017-09-01,0
Garissa,2017-10-01,0
Garissa,2017-11-01,0
Garissa,2017-12-01,0
Garissa,2018-01-01,0
Garissa,2018-02-01,0
Garissa,2018-03-01,0
Garissa,2018-04-01,0
Garissa,2018-05-01,0
Garissa,2018-06-01,0
Garissa,2018-07-01,0
Garissa,2018-08-01,0
Garissa,2018-09-01,0
Garissa,2018-10-01,0
Garissa,2018-11-01,0
Garissa,2018-12-01,0
Garissa,2019-01-01,0
Garissa,2019-02-01,0
Garissa,2019-03-01,0
Garissa,2019-04-01,0
Garissa,2019-05-01,0
Garissa,2019-06-01,0
Garissa,2019-07-01,0
Garissa,2019-08-01,0
Garissa,2019-09-01,0
Garissa,2019-10-01,0
Garissa,2019-11-01,0
Garissa,2019-12-01,0
Garissa,2020-01-01,0
Garissa,2020-02-01,0
Garissa,2020-03-01,0
Garissa,2020-04-01,0
Garissa,2020-05-01,0
Garissa,2020-06-01,0
Garissa,2020-07-01,0
Garissa,2020-08-01,0
Garissa,2020-09-01,0
Garissa,2020-10-01,0
Garissa,2020-11-01,0
Garissa,2020-12-01,0
Garissa,2021-01-01,0
Garissa,2021-02-01,0
Garissa,2021-03-01,0
Garissa,2021-04-01,0
Garissa,2021-05-01,0
Garissa,2021-06-01,0
Garissa,2021-07-01,0
Garissa,2021-08-01,0
Garissa,2021-09-01,0
Garissa,2021-10-01,0
Garissa,2021-11-01,0
Garissa,2021-12-01,0
Garissa,2022-01-01,0
Garissa,2022-02-01,0
Garissa,2022-03-01,0
Garissa,2022-04-01,0
Garissa,2022-05-01,0
Garissa,2022-06-01,0
Garissa,2022-07-01,0
Garissa,2022-08-01,0
Garissa,2022-09-01,1
Garissa,2022-10-01,0
Garissa,2022-11-01,0
Garissa,2022-12-01,0
Garissa,2023-01-01,0
Garissa,2023-02-01,0
Garissa,2023-03-01,0
Garissa,2023-04-01,0
Garissa,2023-05-01,0
Garissa,2023-06-01,0
Garissa,2023-07-01,0
Garissa,2023-08-01,0
Garissa,2023-09-01,0
Garissa,2023-10-01,0
Garissa,2023-11-01,0
Garissa,2023-12-01,0
Homa Bay,2005-05-01,0
Homa Bay,2005-06-01,0
Homa Bay,2005-07-01,0
Homa Bay,2005-08-01,0
Homa Bay,2005-09-01,0
Homa Bay,2005-10-01,0
Homa Bay,2005-11-01,0
Homa Bay,2005-12-01,0
Homa Bay,2006-01-01,0
Homa Bay,2006-02-01,0
Homa Bay,2006-03-01,0
Homa Bay,2006-04-01,0
Homa Bay,2006-05-01,0
Homa Bay,2006-06-01,0
Homa Bay,2006-07-01,0
Homa Bay,2006-08-01,0
Homa Bay,2006-09-01,0
Homa Bay,2006-10-01,0
Homa Bay,2006-11-01,0
Homa Bay,2006-12-01,0
Homa Bay,2007-01-01,0
Homa Bay,2007-02-01,0
Homa Bay,2007-03-01,0
Homa Bay,2007-04-01,0
Homa Bay,2007-05-01,0
Homa Bay,2007-06-01,0
Homa Bay,2007-07-01,0
Homa Bay,2007-08-01,0
Homa Bay,2007-09-01,0
Homa Bay,2007-10-01,0
Homa Bay,2007-11-01,0
Homa Bay,2007-12-01,0
Homa Bay,2008-01-01,0
Homa Bay,2008-02-01,0
Homa Bay,2008-03-01,0
Homa Bay,2008-04-01,0
Homa Bay,2008-05-01,0
Homa Bay,2008-06-01,0
Homa Bay,2008-07-01,0
Homa Bay,2008-08-01,0
Homa Bay,2008-09-01,0
Homa Bay,2008-10-01,0
Homa Bay,2008-11-01,0
Homa Bay,2008-12-01,0
Homa Bay,2009-01-01,0
Homa Bay,2009-02-01,0
Homa Bay,2009-03-01,0
Homa Bay,2009-04-01,0
Homa Bay,2009-05-01,0
Homa Bay,2009-06-01,0
Homa Bay,2009-07-01,0
Homa Bay,2009-08-01,0
Homa Bay,2009-09-01,0
Homa Bay,2009-10-01,0
Homa Bay,2009-11-01,0
Homa Bay,2009-12-01,0
Homa Bay,2010-01-01,0
Homa Bay,2010-02-01,0
Homa Bay,2010-03-01,0
Homa Bay,2010-04-01,0
Homa Bay,2010-05-01,0
Homa Bay,2010-06-01,0
Homa Bay,2010-07-01,0
Homa Bay,2010-08-01,0
Homa Bay,2010-09-01,0
Homa Bay,2010-10-01,0
Homa Bay,2010-11-01,0
Homa Bay,2010-12-01,0
Homa Bay,2011-01-01,0
Homa Bay,2011-02-01,0
Homa Bay,2011-03-01,0
Homa Bay,2011-04-01,0
Homa Bay,2011-05-01,0
Homa Bay,2011-06-01,0
Homa Bay,2011-07-01,0
Homa Bay,2011-08-01,0
Homa Bay,2011-09-01,0
Homa Bay,2011-10-01,0
Homa Bay,2011-11-01,0
Homa Bay,2011-12-01,0
Homa Bay,2012-01-01,0
Homa Bay,2012-02-01,0
Homa Bay,2012-03-01,0
Homa Bay,2012-04-01,0
Homa Bay,2012-05-01,0
Homa Bay,2012-06-01,0
Homa Bay,2012-07-01,0
Homa Bay,2012-08-01,0
Homa Bay,2012-09-01,0
Homa Bay,2012-10-01,0
Homa Bay,2012-11-01,0
Homa Bay,2012-12-01,0
Homa Bay,2013-01-01,0
Homa Bay,2013-02-01,0
Homa Bay,2013-03-01,0
Homa Bay,2013-04-01,0
Homa Bay,2013-05-01,0
Homa Bay,2013-06-01,0
Homa Bay,2013-07-01,0
Homa Bay,2013-08-01,0
Homa Bay,2013-09-01,0
Homa Bay,2013-10-01,0
Homa Bay,2013-11-01,0
Homa Bay,2013-12-01,0
Homa Bay,2014-01-01,0
Homa Bay,2014-02-01,0
Homa Bay,2014-03-01,0
Homa Bay,2014-04-01,0
Homa Bay,2014-05-01,0
Homa Bay,2014-06-01,0
Homa Bay,2014-07-01,0
Homa Bay,2014-08-01,0
Homa Bay,2014-09-01,0
Homa Bay,2014-10-01,0
Homa Bay,2014-11-01,0
Homa Bay,2014-12-01,0
Homa Bay,2015-01-01,0
Homa Bay,2015-02-01,0
Homa Bay,2015-03-01,0
Homa Bay,2015-04-01,0
Homa Bay,2015-05-01,0
Homa Bay,2015-06-01,1
Homa Bay,2015-07-01,0
Homa Bay,2015-08-01,0
Homa Bay,2015-09-01,0
Homa Bay,2015-10-01,0
Homa Bay,2015-11-01,0
Homa Bay,2015-12-01,0
Homa Bay,2016-01-01,0
Homa Bay,2016-02-01,0
Homa Bay,2016-03-01,0
Homa Bay,2016-04-01,0
Homa Bay,2016-05-01,0
Homa Bay,2016-06-01,0
Homa Bay,2016-07-01,0
Homa Bay,2016-08-01,0
Homa Bay,2016-09-01,0
Homa Bay,2016-10-01,0
Homa Bay,2016-11-01,0
Homa Bay,2016-12-01,0
Homa Bay,2017-01-01,1
Homa Bay,2017-02-01,0
Homa Bay,2017-03-01,0
Homa Bay,2017-04-01,0
Homa Bay,2017-05-01,0
Homa Bay,2017-06-01,0
Homa Bay,2017-07-01,0
Homa Bay,2017-08-01,0
Homa Bay,2017-09-01,0
Homa Bay,2017-10-01,0
Homa Bay,2017-11-01,0
Homa Bay,2017-12-01,0
Homa Bay,2018-01-01,1
Homa Bay,2018-02-01,1
Homa Bay,2018-03-01,0
Homa Bay,2018-04-01,0
Homa Bay,2018-05-01,0
Homa Bay,2018-06-01,0
Homa Bay,2018-07-01,0
Homa Bay,2018-08-01,0
Homa Bay,2018-09-01,1
Homa Bay,2018-10-01,0
Homa Bay,2018-11-01,0
Homa Bay,2018-12-01,1
Homa Bay,2019-01-01,0
Homa Bay,2019-02-01,1
Homa Bay,2019-03-01,0
Homa Bay,2019-04-01,0
Homa Bay,2019-05-01,0
Homa Bay,2019-06-01,0
Homa Bay,2019-07-01,0
Homa Bay,2019-08-01,0
Homa Bay,2019-09-01,0
Homa Bay,2019-10-01,1
Homa Bay,2019-11-01,0
Homa Bay,2019-12-01,0
Homa Bay,2020-01-01,0
Homa Bay,2020-02-01,0
Homa Bay,2020-03-01,0
Homa Bay,2020-04-01,0
Homa Bay,2020-05-01,0
Homa Bay,2020-06-01,0
Homa Bay,2020-07-01,1
Homa Bay,2020-08-01,0
Homa Bay,2020-09-01,0
Homa Bay,2020-10-01,0
Homa Bay,2020-11-01,0
Homa Bay,2020-12-01,0
Homa Bay,2021-01-01,0
Homa Bay,2021-02-01,0
Homa Bay,2021-03-01,0
Homa Bay,2021-04-01,1
Homa Bay,2021-05-01,0
Homa Bay,2021-06-01,0
Homa Bay,2021-07-01,1
Homa Bay,2021-08-01,0
Homa Bay,2021-09-01,0
Homa Bay,2021-10-01,0
Homa Bay,2021-11-01,0
Homa Bay,2021-12-01,0
Homa Bay,2022-01-01,0
Homa Bay,2022-02-01,0
Homa Bay,2022-03-01,0
Homa Bay,2022-04-01,0
Homa Bay,2022-05-01,0
Homa Bay,2022-06-01,0
Homa Bay,2022-07-01,0
Homa Bay,2022-08-01,0
Homa Bay,2022-09-01,0
Homa Bay,2022-10-01,0
Homa Bay,2022-11-01,0
Homa Bay,2022-12-01,1
Homa Bay,2023-01-01,0
Homa Bay,2023-02-01,0
Homa Bay,2023-03-01,1
Homa Bay,2023-04-01,0
Homa Bay,2023-05-01,0
Homa Bay,2023-06-01,0
Homa Bay,2023-07-01,0
Homa Bay,2023-08-01,0
Homa Bay,2023-09-01,0
Homa Bay,2023-10-01,1
Homa Bay,2023-11-01,0
Homa Bay,2023-12-01,0
Isiolo,2005-05-01,0
Isiolo,2005-06-01,0
Isiolo,2005-07-01,0
Isiolo,2005-08-01,0
Isiolo,2005-09-01,0
Isiolo,2005-10-01,0
Isiolo,2005-11-01,0
Isiolo,2005-12-01,0
Isiolo,2006-01-01,0
Isiolo,2006-02-01,0
Isiolo,2006-03-01,0
Isiolo,2006-04-01,0
Isiolo,2006-05-01,0
Isiolo,2006-06-01,0
Isiolo,2006-07-01,0
Isiolo,2006-08-01,0
Isiolo,2006-09-01,0
Isiolo,2006-10-01,0
Isiolo,2006-11-01,0
Isiolo,2006-12-01,0
Isiolo,2007-01-01,0
Isiolo,2007-02-01,0
Isiolo,2007-03-01,0
Isiolo,2007-04-01,0
Isiolo,2007-05-01,0
Isiolo,2007-06-01,0
Isiolo,2007-07-01,0
Isiolo,2007-08-01,0
Isiolo,2007-09-01,0
Isiolo,2007-10-01,0
Isiolo,2007-11-01,0
Isiolo,2007-12-01,0
Isiolo,2008-01-01,0
Isiolo,2008-02-01,0
Isiolo,2008-03-01,0
Isiolo,2008-04-01,0
Isiolo,2008-05-01,0
Isiolo,2008-06-01,0
Isiolo,2008-07-01,0
Isiolo,2008-08-01,0
Isiolo,2008-09-01,0
Isiolo,2008-10-01,0
Isiolo,2008-11-01,0
Isiolo,2008-12-01,0
Isiolo,2009-01-01,0
Isiolo,2009-02-01,0
Isiolo,2009-03-01,0
Isiolo,2009-04-01,0
Isiolo,2009-05-01,0
Isiolo,2009-06-01,0
Isiolo,2009-07-01,0
Isiolo,2009-08-01,0
Isiolo,2009-09-01,0
Isiolo,2009-10-01,0
Isiolo,2009-11-01,0
Isiolo,2009-12-01,0
Isiolo,2010-01-01,0
Isiolo,2010-02-01,0
Isiolo,2010-03-01,0
Isiolo,2010-04-01,0
Isiolo,2010-05-01,0
Isiolo,2010-06-01,0
Isiolo,2010-07-01,0
Isiolo,2010-08-01,0
Isiolo,2010-09-01,0
Isiolo,2010-10-01,0
Isiolo,2010-11-01,0
Isiolo,2010-12-01,0
Isiolo,2011-01-01,0
Isiolo,2011-02-01,0
Isiolo,2011-03-01,0
Isiolo,2011-04-01,0
Isiolo,2011-05-01,0
Isiolo,2011-06-01,0
Isiolo,2011-07-01,0
Isiolo,2011-08-01,0
Isiolo,2011-09-01,0
Isiolo,2011-10-01,0
Isiolo,2011-11-01,0
Isiolo,2011-12-01,0
Isiolo,2012-01-01,0
Isiolo,2012-02-01,0
Isiolo,2012-03-01,0
Isiolo,2012-04-01,0
Isiolo,2012-05-01,0
Isiolo,2012-06-01,0
Isiolo,2012-07-01,0
Isiolo,2012-08-01,0
Isiolo,2012-09-01,0
Isiolo,2012-10-01,0
Isiolo,2012-11-01,0
Isiolo,2012-12-01,0
Isiolo,2013-01-01,0
Isiolo,2013-02-01,0
Isiolo,2013-03-01,0
Isiolo,2013-04-01,0
Isiolo,2013-05-01,0
Isiolo,2013-06-01,0
Isiolo,2013-07-01,0
Isiolo,2013-08-01,0
Isiolo,2013-09-01,0
Isiolo,2013-10-01,0
Isiolo,2013-11-01,0
Isiolo,2013-12-01,0
Isiolo,2014-01-01,0
Isiolo,2014-02-01,0
Isiolo,2014-03-01,0
Isiolo,2014-04-01,0
Isiolo,2014-05-01,0
Isiolo,2014-06-01,0
Isiolo,2014-07-01,0
Isiolo,2014-08-01,0
Isiolo,2014-09-01,0
Isiolo,2014-10-01,0
Isiolo,2014-11-01,0
Isiolo,2014-12-01,0
Isiolo,2015-01-01,0
Isiolo,2015-02-01,0
Isiolo,2015-03-01,0
Isiolo,2015-04-01,0
Isiolo,2015-05-01,0
Isiolo,2015-06-01,0
Isiolo,2015-07-01,0
Isiolo,2015-08-01,0
Isiolo,2015-09-01,0
Isiolo,2015-10-01,0
Isiolo,2015-11-01,0
Isiolo,2015-12-01,0
Isiolo,2016-01-01,0
Isiolo,2016-02-01,0
Isiolo,2016-03-01,0
Isiolo,2016-04-01,0
Isiolo,2016-05-01,0
Isiolo,2016-06-01,0
Isiolo,2016-07-01,0
Isiolo,2016-08-01,0
Isiolo,2016-09-01,0
Isiolo,2016-10-01,0
Isiolo,2016-11-01,0
Isiolo,2016-12-01,0
Isiolo,2017-01-01,0
Isiolo,2017-02-01,0
Isiolo,2017-03-01,0
Isiolo,2017-04-01,0
Isiolo,2017-05-01,0
Isiolo,2017-06-01,0
Isiolo,2017-07-01,0
Isiolo,2017-08-01,0
Isiolo,2017-09-01,1
Isiolo,2017-10-01,0
Isiolo,2017-11-01,0
Isiolo,2017-12-01,0
Isiolo,2018-01-01,0
Isiolo,2018-02-01,0
Isiolo,2018-03-01,0
Isiolo,2018-04-01,0
Isiolo,2018-05-01,0
Isiolo,2018-06-01,0
Isiolo,2018-07-01,0
Isiolo,2018-08-01,0
Isiolo,2018-09-01,0
Isiolo,2018-10-01,0
Isiolo,2018-11-01,0
Isiolo,2018-12-01,1
Isiolo,2019-01-01,0
Isiolo,2019-02-01,0
Isiolo,2019-03-01,0
Isiolo,2019-04-01,0
Isiolo,2019-05-01,0
Isiolo,2019-06-01,0
Isiolo,2019-07-01,0
Isiolo,2019-08-01,0
Isiolo,2019-09-01,0
Isiolo,2019-10-01,0
Isiolo,2019-11-01,0
Isiolo,2019-12-01,0
Isiolo,2020-01-01,0
Isiolo,2020-02-01,0
Isiolo,2020-03-01,0
Isiolo,2020-04-01,0
Isiolo,2020-05-01,1
Isiolo,2020-06-01,0
Isiolo,2020-07-01,0
Isiolo,2020-08-01,0
Isiolo,2020-09-01,0
Isiolo,2020-10-01,0
Isiolo,2020-11-01,0
Isiolo,2020-12-01,0
Isiolo,2021-01-01,0
Isiolo,2021-02-01,0
Isiolo,2021-03-01,1
Isiolo,2021-04-01,0
Isiolo,2021-05-01,0
Isiolo,2021-06-01,0
Isiolo,2021-07-01,0
Isiolo,2021-08-01,0
Isiolo,2021-09-01,0
Isiolo,2021-10-01,0
Isiolo,2021-11-01,0
Isiolo,2021-12-01,0
Isiolo,2022-01-01,0
Isiolo,2022-02-01,0
Isiolo,2022-03-01,0
Isiolo,2022-04-01,0
Isiolo,2022-05-01,0
Isiolo,2022-06-01,0
Isiolo,2022-07-01,0
Isiolo,2022-08-01,0
Isiolo,2022-09-01,0
Isiolo,2022-10-01,0
Isiolo,2022-11-01,0
Isiolo,2022-12-01,0
Isiolo,2023-01-01,0
Isiolo,2023-02-01,0
Isiolo,2023-03-01,0
Isiolo,2023-04-01,0
Isiolo,2023-05-01,0
Isiolo,2023-06-01,0
Isiolo,2023-07-01,0
Isiolo,2023-08-01,0
Isiolo,2023-09-01,0
Isiolo,2023-10-01,0
Isiolo,2023-11-01,0
Isiolo,2023-12-01,0
Kajiado,2005-05-01,0
Kajiado,2005-06-01,0
Kajiado,2005-07-01,0
Kajiado,2005-08-01,0
Kajiado,2005-09-01,0
Kajiado,2005-10-01,0
Kajiado,2005-11-01,0
Kajiado,2005-12-01,0
Kajiado,2006-01-01,0
Kajiado,2006-02-01,0
Kajiado,2006-03-01,0
Kajiado,2006-04-01,0
Kajiado,2006-05-01,0
Kajiado,2006-06-01,0
Kajiado,2006-07-01,0
Kajiado,2006-08-01,0
Kajiado,2006-09-01,0
Kajiado,2006-10-01,0
Kajiado,2006-11-01,0
Kajiado,2006-12-01,0
Kajiado,2007-01-01,0
Kajiado,2007-02-01,0
Kajiado,2007-03-01,0
Kajiado,2007-04-01,0
Kajiado,2007-05-01,0
Kajiado,2007-06-01,0
Kajiado,2007-07-01,0
Kajiado,2007-08-01,0
Kajiado,2007-09-01,0
Kajiado,2007-10-01,0
Kajiado,2007-11-01,0
Kajiado,2007-12-01,0
Kajiado,2008-01-01,0
Kajiado,2008-02-01,0
Kajiado,2008-03-01,0
Kajiado,2008-04-01,0
Kajiado,2008-05-01,0
Kajiado,2008-06-01,0
Kajiado,2008-07-01,0
Kajiado,2008-08-01,0
Kajiado,2008-09-01,0
Kajiado,2008-10-01,0
Kajiado,2008-11-01,0
Kajiado,2008-12-01,0
Kajiado,2009-01-01,0
Kajiado,2009-02-01,0
Kajiado,2009-03-01,0
Kajiado,2009-04-01,0
Kajiado,2009-05-01,0
Kajiado,2009-06-01,0
Kajiado,2009-07-01,0
Kajiado,2009-08-01,0
Kajiado,2009-09-01,0
Kajiado,2009-10-01,0
Kajiado,2009-11-01,0
Kajiado,2009-12-01,0
Kajiado,2010-01-01,0
Kajiado,2010-02-01,0
Kajiado,2010-03-01,0
Kajiado,2010-04-01,0
Kajiado,2010-05-01,0
Kajiado,2010-06-01,0
Kajiado,2010-07-01,0
Kajiado,2010-08-01,0
Kajiado,2010-09-01,0
Kajiado,2010-10-01,0
Kajiado,2010-11-01,0
Kajiado,2010-12-01,0
Kajiado,2011-01-01,0
Kajiado,2011-02-01,0
Kajiado,2011-03-01,0
Kajiado,2011-04-01,0
Kajiado,2011-05-01,0
Kajiado,2011-06-01,0
Kajiado,2011-07-01,0
Kajiado,2011-08-01,0
Kajiado,2011-09-01,0
Kajiado,2011-10-01,0
Kajiado,2011-11-01,0
Kajiado,2011-12-01,0
Kajiado,2012-01-01,0
Kajiado,2012-02-01,0
Kajiado,2012-03-01,0
Kajiado,2012-04-01,0
Kajiado,2012-05-01,0
Kajiado,2012-06-01,0
Kajiado,2012-07-01,0
Kajiado,2012-08-01,0
Kajiado,2012-09-01,0
Kajiado,2012-10-01,0
Kajiado,2012-11-01,0
Kajiado,2012-12-01,0
Kajiado,2013-01-01,0
Kajiado,2013-02-01,0
Kajiado,2013-03-01,0
Kajiado,2013-04-01,0
Kajiado,2013-05-01,0
Kajiado,2013-06-01,0
Kajiado,2013-07-01,0
Kajiado,2013-08-01,0
Kajiado,2013-09-01,0
Kajiado,2013-10-01,0
Kajiado,2013-11-01,0
Kajiado,2013-12-01,0
Kajiado,2014-01-01,0
Kajiado,2014-02-01,0
Kajiado,2014-03-01,0
Kajiado,2014-04-01,0
Kajiado,2014-05-01,0
Kajiado,2014-06-01,0
Kajiado,2014-07-01,0
Kajiado,2014-08-01,0
Kajiado,2014-09-01,0
Kajiado,2014-10-01,0
Kajiado,2014-11-01,0
Kajiado,2014-12-01,0
Kajiado,2015-01-01,0
Kajiado,2015-02-01,0
Kajiado,2015-03-01,0
Kajiado,2015-04-01,0
Kajiado,2015-05-01,0
Kajiado,2015-06-01,0
Kajiado,2015-07-01,0
Kajiado,2015-08-01,0
Kajiado,2015-09-01,0
Kajiado,2015-10-01,0
Kajiado,2015-11-01,0
Kajiado,2015-12-01,0
Kajiado,2016-01-01,0
Kajiado,2016-02-01,0
Kajiado,2016-03-01,0
Kajiado,2016-04-01,0
Kajiado,2016-05-01,0
Kajiado,2016-06-01,0
Kajiado,2016-07-01,0
Kajiado,2016-08-01,0
Kajiado,2016-09-01,0
Kajiado,2016-10-01,0
Kajiado,2016-11-01,0
Kajiado,2016-12-01,0
Kajiado,2017-01-01,0
Kajiado,2017-02-01,0
Kajiado,2017-03-01,0
Kajiado,2017-04-01,0
Kajiado,2017-05-01,0
Kajiado,2017-06-01,0
Kajiado,2017-07-01,0
Kajiado,2017-08-01,0
Kajiado,2017-09-01,0
Kajiado,2017-10-01,0
Kajiado,2017-11-01,0
Kajiado,2017-12-01,0
Kajiado,2018-01-01,1
Kajiado,2018-02-01,1
Kajiado,2018-03-01,0
Kajiado,2018-04-01,1
Kajiado,2018-05-01,0
Kajiado,2018-06-01,0
Kajiado,2018-07-01,0
Kajiado,2018-08-01,0
Kajiado,2018-09-01,0
Kajiado,2018-10-01,0
Kajiado,2018-11-01,0
Kajiado,2018-12-01,0
Kajiado,2019-01-01,0
Kajiado,2019-02-01,0
Kajiado,2019-03-01,0
Kajiado,2019-04-01,0
Kajiado,2019-05-01,0
Kajiado,2019-06-01,0
Kajiado,2019-07-01,1
Kajiado,2019-08-01,0
Kajiado,2019-09-01,0
Kajiado,2019-10-01,0
Kajiado,2019-11-01,0
Kajiado,2019-12-01,0
Kajiado,2020-01-01,0
Kajiado,2020-02-01,0
Kajiado,2020-03-01,0
Kajiado,2020-04-01,0
Kajiado,2020-05-01,0
Kajiado,2020-06-01,1
Kajiado,2020-07-01,0
Kajiado,2020-08-01,0
Kajiado,2020-09-01,0
Kajiado,2020-10-01,0
Kajiado,2020-11-01,0
Kajiado,2020-12-01,1
Kajiado,2021-01-01,0
Kajiado,2021-02-01,1
Kajiado,2021-03-01,1
Kajiado,2021-04-01,1
Kajiado,2021-05-01,0
Kajiado,2021-06-01,0
Kajiado,2021-07-01,1
Kajiado,2021-08-01,0
Kajiado,2021-09-01,0
Kajiado,2021-10-01,0
Kajiado,2021-11-01,0
Kajiado,2021-12-01,0
Kajiado,2022-01-01,0
Kajiado,2022-02-01,0
Kajiado,2022-03-01,0
Kajiado,2022-04-01,1
Kajiado,2022-05-01,0
Kajiado,2022-06-01,0
Kajiado,2022-07-01,0
Kajiado,2022-08-01,0
Kajiado,2022-09-01,0
Kajiado,2022-10-01,0
Kajiado,2022-11-01,0
Kajiado,2022-12-01,0
Kajiado,2023-01-01,1
Kajiado,2023-02-01,0
Kajiado,2023-03-01,0
Kajiado,2023-04-01,1
Kajiado,2023-05-01,0
Kajiado,2023-06-01,0
Kajiado,2023-07-01,0
Kajiado,2023-08-01,1
Kajiado,2023-09-01,0
Kajiado,2023-10-01,0
Kajiado,2023-11-01,0
Kajiado,2023-12-01,0
Kakamega,2005-05-01,0
Kakamega,2005-06-01,0
Kakamega,2005-07-01,0
Kakamega,2005-08-01,0
Kakamega,2005-09-01,0
Kakamega,2005-10-01,0
Kakamega,2005-11-01,0
Kakamega,2005-12-01,0
Kakamega,2006-01-01,0
Kakamega,2006-02-01,0
Kakamega,2006-03-01,0
Kakamega,2006-04-01,0
Kakamega,2006-05-01,0
Kakamega,2006-06-01,0
Kakamega,2006-07-01,0
Kakamega,2006-08-01,0
Kakamega,2006-09-01,0
Kakamega,2006-10-01,0
Kakamega,2006-11-01,0
Kakamega,2006-12-01,0
Kakamega,2007-01-01,0
Kakamega,2007-02-01,0
Kakamega,2007-03-01,0
Kakamega,2007-04-01,0
Kakamega,2007-05-01,0
Kakamega,2007-06-01,0
Kakamega,2007-07-01,0
Kakamega,2007-08-01,0
Kakamega,2007-09-01,0
Kakamega,2007-10-01,0
Kakamega,2007-11-01,0
Kakamega,2007-12-01,0
Kakamega,2008-01-01,0
Kakamega,2008-02-01,0
Kakamega,2008-03-01,0
Kakamega,2008-04-01,0
Kakamega,2008-05-01,0
Kakamega,2008-06-01,0
Kakamega,2008-07-01,0
Kakamega,2008-08-01,0
Kakamega,2008-09-01,0
Kakamega,2008-10-01,0
Kakamega,2008-11-01,0
Kakamega,2008-12-01,0
Kakamega,2009-01-01,0
Kakamega,2009-02-01,0
Kakamega,2009-03-01,0
Kakamega,2009-04-01,0
Kakamega,2009-05-01,0
Kakamega,2009-06-01,0
Kakamega,2009-07-01,0
Kakamega,2009-08-01,0
Kakamega,2009-09-01,0
Kakamega,2009-10-01,0
Kakamega,2009-11-01,0
Kakamega,2009-12-01,0
Kakamega,2010-01-01,0
Kakamega,2010-02-01,0
Kakamega,2010-03-01,0
Kakamega,2010-04-01,0
Kakamega,2010-05-01,0
Kakamega,2010-06-01,0
Kakamega,2010-07-01,0
Kakamega,2010-08-01,0
Kakamega,2010-09-01,0
Kakamega,2010-10-01,0
Kakamega,2010-11-01,0
Kakamega,2010-12-01,0
Kakamega,2011-01-01,0
Kakamega,2011-02-01,1
Kakamega,2011-03-01,0
Kakamega,2011-04-01,0
Kakamega,2011-05-01,0
Kakamega,2011-06-01,0
Kakamega,2011-07-01,0
Kakamega,2011-08-01,0
Kakamega,2011-09-01,0
Kakamega,2011-10-01,0
Kakamega,2011-11-01,0
Kakamega,2011-12-01,0
Kakamega,2012-01-01,0
Kakamega,2012-02-01,0
Kakamega,2012-03-01,0
Kakamega,2012-04-01,0
Kakamega,2012-05-01,0
Kakamega,2012-06-01,0
Kakamega,2012-07-01,0
Kakamega,2012-08-01,0
Kakamega,2012-09-01,0
Kakamega,2012-10-01,0
Kakamega,2012-11-01,0
Kakamega,2012-12-01,0
Kakamega,2013-01-01,0
Kakamega,2013-02-01,0
Kakamega,2013-03-01,0
Kakamega,2013-04-01,0
Kakamega,2013-05-01,0
Kakamega,2013-06-01,0
Kakamega,2013-07-01,0
Kakamega,2013-08-01,0
Kakamega,2013-09-01,0
Kakamega,2013-10-01,0
Kakamega,2013-11-01,0
Kakamega,2013-12-01,0
Kakamega,2014-01-01,0
Kakamega,2014-02-01,0
Kakamega,2014-03-01,0
Kakamega,2014-04-01,0
Kakamega,2014-05-01,0
Kakamega,2014-06-01,0
Kakamega,2014-07-01,0
Kakamega,2014-08-01,0
Kakamega,2014-09-01,0
Kakamega,2014-10-01,0
Kakamega,2014-11-01,0
Kakamega,2014-12-01,0
Kakamega,2015-01-01,0
Kakamega,2015-02-01,0
Kakamega,2015-03-01,0
Kakamega,2015-04-01,0
Kakamega,2015-05-01,0
Kakamega,2015-06-01,0
Kakamega,2015-07-01,0
Kakamega,2015-08-01,0
Kakamega,2015-09-01,0
Kakamega,2015-10-01,0
Kakamega,2015-11-01,0
Kakamega,2015-12-01,0
Kakamega,2016-01-01,0
Kakamega,2016-02-01,0
Kakamega,2016-03-01,0
Kakamega,2016-04-01,0
Kakamega,2016-05-01,0
Kakamega,2016-06-01,0
Kakamega,2016-07-01,0
Kakamega,2016-08-01,0
Kakamega,2016-09-01,0
Kakamega,2016-10-01,0
Kakamega,2016-11-01,0
Kakamega,2016-12-01,0
Kakamega,2017-01-01,1
Kakamega,2017-02-01,0
Kakamega,2017-03-01,0
Kakamega,2017-04-01,0
Kakamega,2017-05-01,0
Kakamega,2017-06-01,0
Kakamega,2017-07-01,0
Kakamega,2017-08-01,0
Kakamega,2017-09-01,0
Kakamega,2017-10-01,0
Kakamega,2017-11-01,0
Kakamega,2017-12-01,0
Kakamega,2018-01-01,0
Kakamega,2018-02-01,0
Kakamega,2018-03-01,2
Kakamega,2018-04-01,0
Kakamega,2018-05-01,0
Kakamega,2018-06-01,1
Kakamega,2018-07-01,0
Kakamega,2018-08-01,0
Kakamega,2018-09-01,0
Kakamega,2018-10-01,0
Kakamega,2018-11-01,0
Kakamega,2018-12-01,0
Kakamega,2019-01-01,1
Kakamega,2019-02-01,1
Kakamega,2019-03-01,2
Kakamega,2019-04-01,0
Kakamega,2019-05-01,1
Kakamega,2019-06-01,1
Kakamega,2019-07-01,0
Kakamega,2019-08-01,0
Kakamega,2019-09-01,0
Kakamega,2019-10-01,0
Kakamega,2019-11-01,0
Kakamega,2019-12-01,0
Kakamega,2020-01-01,0
Kakamega,2020-02-01,0
Kakamega,2020-03-01,0
Kakamega,2020-04-01,0
Kakamega,2020-05-01,0
Kakamega,2020-06-01,0
Kakamega,2020-07-01,0
Kakamega,2020-08-01,0
Kakamega,2020-09-01,1
Kakamega,2020-10-01,0
Kakamega,2020-11-01,0
Kakamega,2020-12-01,0
Kakamega,2021-01-01,0
Kakamega,2021-02-01,0
Kakamega,2021-03-01,0
Kakamega,2021-04-01,1
Kakamega,2021-05-01,0
Kakamega,2021-06-01,1
Kakamega,2021-07-01,0
Kakamega,2021-08-01,0
Kakamega,2021-09-01,0
Kakamega,2021-10-01,0
Kakamega,2021-11-01,0
Kakamega,2021-12-01,0
Kakamega,2022-01-01,0
Kakamega,2022-02-01,0
Kakamega,2022-03-01,0
Kakamega,2022-04-01,1
Kakamega,2022-05-01,0
Kakamega,2022-06-01,0
Kakamega,2022-07-01,0
Kakamega,2022-08-01,0
Kakamega,2022-09-01,0
Kakamega,2022-10-01,0
Kakamega,2022-11-01,0
Kakamega,2022-12-01,0
Kakamega,2023-01-01,1
Kakamega,2023-02-01,0
Kakamega,2023-03-01,0
Kakamega,2023-04-01,0
Kakamega,2023-05-01,0
Kakamega,2023-06-01,0
Kakamega,2023-07-01,0
Kakamega,2023-08-01,0
Kakamega,2023-09-01,0
Kakamega,2023-10-01,0
Kakamega,2023-11-01,0
Kakamega,2023-12-01,0
Kericho,2005-05-01,0
Kericho,2005-06-01,0
Kericho,2005-07-01,0
Kericho,2005-08-01,0
Kericho,2005-09-01,0
Kericho,2005-10-01,0
Kericho,2005-11-01,0
Kericho,2005-12-01,0
Kericho,2006-01-01,0
Kericho,2006-02-01,0
Kericho,2006-03-01,0
Kericho,2006-04-01,0
Kericho,2006-05-01,0
Kericho,2006-06-01,0
Kericho,2006-07-01,0
Kericho,2006-08-01,0
Kericho,2006-09-01,0
Kericho,2006-10-01,0
Kericho,2006-11-01,0
Kericho,2006-12-01,0
Kericho,2007-01-01,0
Kericho,2007-02-01,0
Kericho,2007-03-01,0
Kericho,2007-04-01,0
Kericho,2007-05-01,0
Kericho,2007-06-01,0
Kericho,2007-07-01,0
Kericho,2007-08-01,0
Kericho,2007-09-01,0
Kericho,2007-10-01,0
Kericho,2007-11-01,0
Kericho,2007-12-01,0
Kericho,2008-01-01,0
Kericho,2008-02-01,0
Kericho,2008-03-01,0
Kericho,2008-04-01,0
Kericho,2008-05-01,0
Kericho,2008-06-01,0
Kericho,2008-07-01,0
Kericho,2008-08-01,0
Kericho,2008-09-01,0
Kericho,2008-10-01,0
Kericho,2008-11-01,0
Kericho,2008-12-01,0
Kericho,2009-01-01,0
Kericho,2009-02-01,0
Kericho,2009-03-01,0
Kericho,2009-04-01,0
Kericho,2009-05-01,0
Kericho,2009-06-01,0
Kericho,2009-07-01,0
Kericho,2009-08-01,0
Kericho,2009-09-01,0
Kericho,2009-10-01,0
Kericho,2009-11-01,0
Kericho,2009-12-01,0
Kericho,2010-01-01,0
Kericho,2010-02-01,0
Kericho,2010-03-01,0
Kericho,2010-04-01,0
Kericho,2010-05-01,0
Kericho,2010-06-01,0
Kericho,2010-07-01,0
Kericho,2010-08-01,0
Kericho,2010-09-01,0
Kericho,2010-10-01,0
Kericho,2010-11-01,0
Kericho,2010-12-01,0
Kericho,2011-01-01,0
Kericho,2011-02-01,0
Kericho,2011-03-01,0
Kericho,2011-04-01,0
Kericho,2011-05-01,0
Kericho,2011-06-01,0
Kericho,2011-07-01,0
Kericho,2011-08-01,0
Kericho,2011-09-01,0
Kericho,2011-10-01,0
Kericho,2011-11-01,0
Kericho,2011-12-01,0
Kericho,2012-01-01,0
Kericho,2012-02-01,0
Kericho,2012-03-01,0
Kericho,2012-04-01,0
Kericho,2012-05-01,0
Kericho,2012-06-01,0
Kericho,2012-07-01,0
Kericho,2012-08-01,0
Kericho,2012-09-01,0
Kericho,2012-10-01,0
Kericho,2012-11-01,0
Kericho,2012-12-01,0
Kericho,2013-01-01,0
Kericho,2013-02-01,0
Kericho,2013-03-01,0
Kericho,2013-04-01,0
Kericho,2013-05-01,0
Kericho,2013-06-01,0
Kericho,2013-07-01,0
Kericho,2013-08-01,0
Kericho,2013-09-01,0
Kericho,2013-10-01,0
Kericho,2013-11-01,0
Kericho,2013-12-01,0
Kericho,2014-01-01,0
Kericho,2014-02-01,0
Kericho,2014-03-01,1
Kericho,2014-04-01,0
Kericho,2014-05-01,0
Kericho,2014-06-01,0
Kericho,2014-07-01,0
Kericho,2014-08-01,0
Kericho,2014-09-01,0
Kericho,2014-10-01,0
Kericho,2014-11-01,0
Kericho,2014-12-01,0
Kericho,2015-01-01,0
Kericho,2015-02-01,0
Kericho,2015-03-01,0
Kericho,2015-04-01,0
Kericho,2015-05-01,0
Kericho,2015-06-01,0
Kericho,2015-07-01,0
Kericho,2015-08-01,0
Kericho,2015-09-01,0
Kericho,2015-10-01,0
Kericho,2015-11-01,0
Kericho,2015-12-01,0
Kericho,2016-01-01,0
Kericho,2016-02-01,0
Kericho,2016-03-01,0
Kericho,2016-04-01,0
Kericho,2016-05-01,0
Kericho,2016-06-01,0
Kericho,2016-07-01,0
Kericho,2016-08-01,0
Kericho,2016-09-01,0
Kericho,2016-10-01,0
Kericho,2016-11-01,0
Kericho,2016-12-01,0
Kericho,2017-01-01,0
Kericho,2017-02-01,0
Kericho,2017-03-01,0
Kericho,2017-04-01,0
Kericho,2017-05-01,0
Kericho,2017-06-01,0
Kericho,2017-07-01,0
Kericho,2017-08-01,0
Kericho,2017-09-01,1
Kericho,2017-10-01,0
Kericho,2017-11-01,0
Kericho,2017-12-01,0
Kericho,2018-01-01,0
Kericho,2018-02-01,0
Kericho,2018-03-01,0
Kericho,2018-04-01,0
Kericho,2018-05-01,0
Kericho,2018-06-01,0
Kericho,2018-07-01,1
Kericho,2018-08-01,0
Kericho,2018-09-01,0
Kericho,2018-10-01,0
Kericho,2018-11-01,0
Kericho,2018-12-01,0
Kericho,2019-01-01,0
Kericho,2019-02-01,1
Kericho,2019-03-01,0
Kericho,2019-04-01,1
Kericho,2019-05-01,0
Kericho,2019-06-01,0
Kericho,2019-07-01,0
Kericho,2019-08-01,0
Kericho,2019-09-01,0
Kericho,2019-10-01,0
Kericho,2019-11-01,0
Kericho,2019-12-01,0
Kericho,2020-01-01,0
Kericho,2020-02-01,0
Kericho,2020-03-01,0
Kericho,2020-04-01,0
Kericho,2020-05-01,0
Kericho,2020-06-01,0
Kericho,2020-07-01,0
Kericho,2020-08-01,0
Kericho,2020-09-01,0
Kericho,2020-10-01,0
Kericho,2020-11-01,1
Kericho,2020-12-01,0
Kericho,2021-01-01,0
Kericho,2021-02-01,0
Kericho,2021-03-01,0
Kericho,2021-04-01,0
Kericho,2021-05-01,0
Kericho,2021-06-01,0
Kericho,2021-07-01,0
Kericho,2021-08-01,0
Kericho,2021-09-01,0
Kericho,2021-10-01,0
Kericho,2021-11-01,0
Kericho,2021-12-01,0
Kericho,2022-01-01,0
Kericho,2022-02-01,0
Kericho,2022-03-01,0
Kericho,2022-04-01,0
Kericho,2022-05-01,1
Kericho,2022-06-01,0
Kericho,2022-07-01,0
Kericho,2022-08-01,0
Kericho,2022-09-01,0
Kericho,2022-10-01,0
Kericho,2022-11-01,0
Kericho,2022-12-01,0
Kericho,2023-01-01,0
Kericho,2023-02-01,0
Kericho,2023-03-01,0
Kericho,2023-04-01,0
Kericho,2023-05-01,1
Kericho,2023-06-01,2
Kericho,2023-07-01,0
Kericho,2023-08-01,1
Kericho,2023-09-01,0
Kericho,2023-10-01,0
Kericho,2023-11-01,1
Kericho,2023-12-01,0
Kiambu,2005-05-01,0
Kiambu,2005-06-01,0
Kiambu,2005-07-01,0
Kiambu,2005-08-01,0
Kiambu,2005-09-01,0
Kiambu,2005-10-01,0
Kiambu,2005-11-01,0
Kiambu,2005-12-01,0
Kiambu,2006-01-01,0
Kiambu,2006-02-01,0
Kiambu,2006-03-01,0
Kiambu,2006-04-01,0
Kiambu,2006-05-01,0
Kiambu,2006-06-01,0
Kiambu,2006-07-01,0
Kiambu,2006-08-01,0
Kiambu,2006-09-01,0
Kiambu,2006-10-01,0
Kiambu,2006-11-01,0
Kiambu,2006-12-01,0
Kiambu,2007-01-01,0
Kiambu,2007-02-01,0
Kiambu,2007-03-01,0
Kiambu,2007-04-01,0
Kiambu,2007-05-01,0
Kiambu,2007-06-01,0
Kiambu,2007-07-01,0
Kiambu,2007-08-01,0
Kiambu,2007-09-01,0
Kiambu,2007-10-01,0
Kiambu,2007-11-01,0
Kiambu,2007-12-01,0
Kiambu,2008-01-01,0
Kiambu,2008-02-01,0
Kiambu,2008-03-01,0
Kiambu,2008-04-01,0
Kiambu,2008-05-01,0
Kiambu,2008-06-01,0
Kiambu,2008-07-01,0
Kiambu,2008-08-01,0
Kiambu,2008-09-01,0
Kiambu,2008-10-01,0
Kiambu,2008-11-01,0
Kiambu,2008-12-01,0
Kiambu,2009-01-01,0
Kiambu,2009-02-01,0
Kiambu,2009-03-01,0
Kiambu,2009-04-01,0
Kiambu,2009-05-01,0
Kiambu,2009-06-01,0
Kiambu,2009-07-01,0
Kiambu,2009-08-01,0
Kiambu,2009-09-01,0
Kiambu,2009-10-01,0
Kiambu,2009-11-01,0
Kiambu,2009-12-01,0
Kiambu,2010-01-01,0
Kiambu,2010-02-01,0
Kiambu,2010-03-01,0
Kiambu,2010-04-01,0
Kiambu,2010-05-01,0
Kiambu,2010-06-01,0
Kiambu,2010-07-01,0
Kiambu,2010-08-01,0
Kiambu,2010-09-01,0
Kiambu,2010-10-01,0
Kiambu,2010-11-01,0
Kiambu,2010-12-01,0
Kiambu,2011-01-01,0
Kiambu,2011-02-01,0
Kiambu,2011-03-01,0
Kiambu,2011-04-01,0
Kiambu,2011-05-01,0
Kiambu,2011-06-01,0
Kiambu,2011-07-01,0
Kiambu,2011-08-01,0
Kiambu,2011-09-01,0
Kiambu,2011-10-01,0
Kiambu,2011-11-01,0
Kiambu,2011-12-01,0
Kiambu,2012-01-01,0
Kiambu,2012-02-01,0
Kiambu,2012-03-01,0
Kiambu,2012-04-01,0
Kiambu,2012-05-01,0
Kiambu,2012-06-01,0
Kiambu,2012-07-01,0
Kiambu,2012-08-01,0
Kiambu,2012-09-01,0
Kiambu,2012-10-01,0
Kiambu,2012-11-01,0
Kiambu,2012-12-01,0
Kiambu,2013-01-01,0
Kiambu,2013-02-01,0
Kiambu,2013-03-01,0
Kiambu,2013-04-01,0
Kiambu,2013-05-01,0
Kiambu,2013-06-01,0
Kiambu,2013-07-01,0
Kiambu,2013-08-01,0
Kiambu,2013-09-01,0
Kiambu,2013-10-01,0
Kiambu,2013-11-01,0
Kiambu,2013-12-01,1
Kiambu,2014-01-01,0
Kiambu,2014-02-01,0
Kiambu,2014-03-01,0
Kiambu,2014-04-01,0
Kiambu,2014-05-01,0
Kiambu,2014-06-01,0
Kiambu,2014-07-01,1
Kiambu,2014-08-01,0
Kiambu,2014-09-01,0
Kiambu,2014-10-01,0
Kiambu,2014-11-01,0
Kiambu,2014-12-01,0
Kiambu,2015-01-01,0
Kiambu,2015-02-01,0
Kiambu,2015-03-01,0
Kiambu,2015-04-01,0
Kiambu,2015-05-01,0
Kiambu,2015-06-01,0
Kiambu,2015-07-01,0
Kiambu,2015-08-01,0
Kiambu,2015-09-01,0
Kiambu,2015-10-01,0
Kiambu,2015-11-01,0
Kiambu,2015-12-01,0
Kiambu,2016-01-01,0
Kiambu,2016-02-01,0
Kiambu,2016-03-01,0
Kiambu,2016-04-01,0
Kiambu,2016-05-01,0
Kiambu,2016-06-01,1
Kiambu,2016-07-01,0
Kiambu,2016-08-01,0
Kiambu,2016-09-01,0
Kiambu,2016-10-01,0
Kiambu,2016-11-01,1
Kiambu,2016-12-01,0
Kiambu,2017-01-01,0
Kiambu,2017-02-01,1
Kiambu,2017-03-01,0
Kiambu,2017-04-01,0
Kiambu,2017-05-01,0
Kiambu,2017-06-01,0
Kiambu,2017-07-01,0
Kiambu,2017-08-01,0
Kiambu,2017-09-01,1
Kiambu,2017-10-01,0
Kiambu,2017-11-01,1
Kiambu,2017-12-01,0
Kiambu,2018-01-01,3
Kiambu,2018-02-01,2
Kiambu,2018-03-01,0
Kiambu,2018-04-01,0
Kiambu,2018-05-01,0
Kiambu,2018-06-01,0
Kiambu,2018-07-01,0
Kiambu,2018-08-01,0
Kiambu,2018-09-01,0
Kiambu,2018-10-01,0
Kiambu,2018-11-01,0
Kiambu,2018-12-01,0
Kiambu,2019-01-01,1
Kiambu,2019-02-01,1
Kiambu,2019-03-01,1
Kiambu,2019-04-01,0
Kiambu,2019-05-01,1
Kiambu,2019-06-01,0
Kiambu,2019-07-01,0
Kiambu,2019-08-01,0
Kiambu,2019-09-01,0
Kiambu,2019-10-01,0
Kiambu,2019-11-01,0
Kiambu,2019-12-01,0
Kiambu,2020-01-01,0
Kiambu,2020-02-01,0
Kiambu,2020-03-01,0
Kiambu,2020-04-01,0
Kiambu,2020-05-01,0
Kiambu,2020-06-01,0
Kiambu,2020-07-01,1
Kiambu,2020-08-01,0
Kiambu,2020-09-01,0
Kiambu,2020-10-01,1
Kiambu,2020-11-01,0
Kiambu,2020-12-01,0
Kiambu,2021-01-01,1
Kiambu,2021-02-01,1
Kiambu,2021-03-01,1
Kiambu,2021-04-01,2
Kiambu,2021-05-01,0
Kiambu,2021-06-01,2
Kiambu,2021-07-01,0
Kiambu,2021-08-01,2
Kiambu,2021-09-01,0
Kiambu,2021-10-01,0
Kiambu,2021-11-01,0
Kiambu,2021-12-01,0
Kiambu,2022-01-01,2
Kiambu,2022-02-01,0
Kiambu,2022-03-01,0
Kiambu,2022-04-01,0
Kiambu,2022-05-01,1
Kiambu,2022-06-01,0
Kiambu,2022-07-01,0
Kiambu,2022-08-01,0
Kiambu,2022-09-01,0
Kiambu,2022-10-01,2
Kiambu,2022-11-01,0
Kiambu,2022-12-01,0
Kiambu,2023-01-01,0
Kiambu,2023-02-01,0
Kiambu,2023-03-01,0
Kiambu,2023-04-01,1
Kiambu,2023-05-01,0
Kiambu,2023-06-01,0
Kiambu,2023-07-01,1
Kiambu,2023-08-01,1
Kiambu,2023-09-01,1
Kiambu,2023-10-01,1
Kiambu,2023-11-01,0
Kiambu,2023-12-01,0
Kilifi,2005-05-01,0
Kilifi,2005-06-01,0
Kilifi,2005-07-01,0
Kilifi,2005-08-01,0
Kilifi,2005-09-01,0
Kilifi,2005-10-01,0
Kilifi,2005-11-01,0
Kilifi,2005-12-01,0
Kilifi,2006-01-01,0
Kilifi,2006-02-01,0
Kilifi,2006-03-01,0
Kilifi,2006-04-01,0
Kilifi,2006-05-01,0
Kilifi,2006-06-01,0
Kilifi,2006-07-01,0
Kilifi,2006-08-01,0
Kilifi,2006-09-01,0
Kilifi,2006-10-01,0
Kilifi,2006-11-01,0
Kilifi,2006-12-01,0
Kilifi,2007-01-01,0
Kilifi,2007-02-01,0
Kilifi,2007-03-01,0
Kilifi,2007-04-01,0
Kilifi,2007-05-01,0
Kilifi,2007-06-01,0
Kilifi,2007-07-01,0
Kilifi,2007-08-01,0
Kilifi,2007-09-01,0
Kilifi,2007-10-01,0
Kilifi,2007-11-01,0
Kilifi,2007-12-01,0
Kilifi,2008-01-01,0
Kilifi,2008-02-01,0
Kilifi,2008-03-01,0
Kilifi,2008-04-01,0
Kilifi,2008-05-01,0
Kilifi,2008-06-01,0
Kilifi,2008-07-01,0
Kilifi,2008-08-01,0
Kilifi,2008-09-01,0
Kilifi,2008-10-01,0
Kilifi,2008-11-01,0
Kilifi,2008-12-01,0
Kilifi,2009-01-01,0
Kilifi,2009-02-01,0
Kilifi,2009-03-01,0
Kilifi,2009-04-01,0
Kilifi,2009-05-01,0
Kilifi,2009-06-01,0
Kilifi,2009-07-01,0
Kilifi,2009-08-01,0
Kilifi,2009-09-01,0
Kilifi,2009-10-01,0
Kilifi,2009-11-01,0
Kilifi,2009-12-01,0
Kilifi,2010-01-01,0
Kilifi,2010-02-01,0
Kilifi,2010-03-01,0
Kilifi,2010-04-01,0
Kilifi,2010-05-01,0
Kilifi,2010-06-01,0
Kilifi,2010-07-01,0
Kilifi,2010-08-01,0
Kilifi,2010-09-01,0
Kilifi,2010-10-01,0
Kilifi,2010-11-01,0
Kilifi,2010-12-01,0
Kilifi,2011-01-01,0
Kilifi,2011-02-01,0
Kilifi,2011-03-01,0
Kilifi,2011-04-01,0
Kilifi,2011-05-01,0
Kilifi,2011-06-01,0
Kilifi,2011-07-01,0
Kilifi,2011-08-01,0
Kilifi,2011-09-01,0
Kilifi,2011-10-01,0
Kilifi,2011-11-01,0
Kilifi,2011-12-01,0
Kilifi,2012-01-01,0
Kilifi,2012-02-01,0
Kilifi,2012-03-01,0
Kilifi,2012-04-01,0
Kilifi,2012-05-01,0
Kilifi,2012-06-01,0
Kilifi,2012-07-01,0
Kilifi,2012-08-01,0
Kilifi,2012-09-01,0
Kilifi,2012-10-01,0
Kilifi,2012-11-01,0
Kilifi,2012-12-01,0
Kilifi,2013-01-01,0
Kilifi,2013-02-01,0
Kilifi,2013-03-01,0
Kilifi,2013-04-01,0
Kilifi,2013-05-01,0
Kilifi,2013-06-01,0
Kilifi,2013-07-01,0
Kilifi,2013-08-01,0
Kilifi,2013-09-01,0
Kilifi,2013-10-01,0
Kilifi,2013-11-01,0
Kilifi,2013-12-01,0
Kilifi,2014-01-01,0
Kilifi,2014-02-01,0
Kilifi,2014-03-01,0
Kilifi,2014-04-01,0
Kilifi,2014-05-01,0
Kilifi,2014-06-01,0
Kilifi,2014-07-01,0
Kilifi,2014-08-01,0
Kilifi,2014-09-01,0
Kilifi,2014-10-01,0
Kilifi,2014-11-01,0
Kilifi,2014-12-01,0
Kilifi,2015-01-01,0
Kilifi,2015-02-01,0
Kilifi,2015-03-01,0
Kilifi,2015-04-01,0
Kilifi,2015-05-01,0
Kilifi,2015-06-01,0
Kilifi,2015-07-01,0
Kilifi,2015-08-01,0
Kilifi,2015-09-01,0
Kilifi,2015-10-01,0
Kilifi,2015-11-01,0
Kilifi,2015-12-01,0
Kilifi,2016-01-01,0
Kilifi,2016-02-01,0
Kilifi,2016-03-01,0
Kilifi,2016-04-01,0
Kilifi,2016-05-01,0
Kilifi,2016-06-01,0
Kilifi,2016-07-01,0
Kilifi,2016-08-01,0
Kilifi,2016-09-01,0
Kilifi,2016-10-01,0
Kilifi,2016-11-01,0
Kilifi,2016-12-01,0
Kilifi,2017-01-01,0
Kilifi,2017-02-01,0
Kilifi,2017-03-01,0
Kilifi,2017-04-01,0
Kilifi,2017-05-01,0
Kilifi,2017-06-01,0
Kilifi,2017-07-01,0
Kilifi,2017-08-01,0
Kilifi,2017-09-01,0
Kilifi,2017-10-01,0
Kilifi,2017-11-01,0
Kilifi,2017-12-01,0
Kilifi,2018-01-01,0
Kilifi,2018-02-01,0
Kilifi,2018-03-01,0
Kilifi,2018-04-01,0
Kilifi,2018-05-01,0
Kilifi,2018-06-01,0
Kilifi,2018-07-01,0
Kilifi,2018-08-01,0
Kilifi,2018-09-01,0
Kilifi,2018-10-01,0
Kilifi,2018-11-01,0
Kilifi,2018-12-01,0
Kilifi,2019-01-01,0
Kilifi,2019-02-01,0
Kilifi,2019-03-01,0
Kilifi,2019-04-01,0
Kilifi,2019-05-01,0
Kilifi,2019-06-01,0
Kilifi,2019-07-01,0
Kilifi,2019-08-01,0
Kilifi,2019-09-01,0
Kilifi,2019-10-01,0
Kilifi,2019-11-01,0
Kilifi,2019-12-01,0
Kilifi,2020-01-01,0
Kilifi,2020-02-01,0
Kilifi,2020-03-01,1
Kilifi,2020-04-01,0
Kilifi,2020-05-01,0
Kilifi,2020-06-01,0
Kilifi,2020-07-01,0
Kilifi,2020-08-01,0
Kilifi,2020-09-01,0
Kilifi,2020-10-01,0
Kilifi,2020-11-01,0
Kilifi,2020-12-01,0
Kilifi,2021-01-01,0
Kilifi,2021-02-01,0
Kilifi,2021-03-01,0
Kilifi,2021-04-01,0
Kilifi,2021-05-01,0
Kilifi,2021-06-01,0
Kilifi,2021-07-01,0
Kilifi,2021-08-01,0
Kilifi,2021-09-01,0
Kilifi,2021-10-01,0
Kilifi,2021-11-01,0
Kilifi,2021-12-01,0
Kilifi,2022-01-01,0
Kilifi,2022-02-01,0
Kilifi,2022-03-01,0
Kilifi,2022-04-01,0
Kilifi,2022-05-01,0
Kilifi,2022-06-01,0
Kilifi,2022-07-01,0
Kilifi,2022-08-01,0
Kilifi,2022-09-01,0
Kilifi,2022-10-01,0
Kilifi,2022-11-01,0
Kilifi,2022-12-01,0
Kilifi,2023-01-01,1
Kilifi,2023-02-01,0
Kilifi,2023-03-01,0
Kilifi,2023-04-01,0
Kilifi,2023-05-01,0
Kilifi,2023-06-01,0
Kilifi,2023-07-01,0
Kilifi,2023-08-01,0
Kilifi,2023-09-01,0
Kilifi,2023-10-01,0
Kilifi,2023-11-01,0
Kilifi,2023-12-01,0
Kirinyaga,2005-05-01,0
Kirinyaga,2005-06-01,0
Kirinyaga,2005-07-01,0
Kirinyaga,2005-08-01,0
Kirinyaga,2005-09-01,0
Kirinyaga,2005-10-01,0
Kirinyaga,2005-11-01,0
Kirinyaga,2005-12-01,0
Kirinyaga,2006-01-01,0
Kirinyaga,2006-02-01,0
Kirinyaga,2006-03-01,0
Kirinyaga,2006-04-01,0
Kirinyaga,2006-05-01,0
Kirinyaga,2006-06-01,0
Kirinyaga,2006-07-01,0
Kirinyaga,2006-08-01,0
Kirinyaga,2006-09-01,0
Kirinyaga,2006-10-01,0
Kirinyaga,2006-11-01,0
Kirinyaga,2006-12-01,0
Kirinyaga,2007-01-01,0
Kirinyaga,2007-02-01,0
Kirinyaga,2007-03-01,0
Kirinyaga,2007-04-01,0
Kirinyaga,2007-05-01,0
Kirinyaga,2007-06-01,0
Kirinyaga,2007-07-01,0
Kirinyaga,2007-08-01,0
Kirinyaga,2007-09-01,0
Kirinyaga,2007-10-01,0
Kirinyaga,2007-11-01,0
Kirinyaga,2007-12-01,0
Kirinyaga,2008-01-01,0
Kirinyaga,2008-02-01,0
Kirinyaga,2008-03-01,0
Kirinyaga,2008-04-01,0
Kirinyaga,2008-05-01,0
Kirinyaga,2008-06-01,0
Kirinyaga,2008-07-01,0
Kirinyaga,2008-08-01,0
Kirinyaga,2008-09-01,0
Kirinyaga,2008-10-01,0
Kirinyaga,2008-11-01,0
Kirinyaga,2008-12-01,0
Kirinyaga,2009-01-01,0
Kirinyaga,2009-02-01,0
Kirinyaga,2009-03-01,0
Kirinyaga,2009-04-01,0
Kirinyaga,2009-05-01,0
Kirinyaga,2009-06-01,0
Kirinyaga,2009-07-01,0
Kirinyaga,2009-08-01,0
Kirinyaga,2009-09-01,0
Kirinyaga,2009-10-01,0
Kirinyaga,2009-11-01,0
Kirinyaga,2009-12-01,0
Kirinyaga,2010-01-01,0
Kirinyaga,2010-02-01,0
Kirinyaga,2010-03-01,0
Kirinyaga,2010-04-01,0
Kirinyaga,2010-05-01,0
Kirinyaga,2010-06-01,0
Kirinyaga,2010-07-01,0
Kirinyaga,2010-08-01,0
Kirinyaga,2010-09-01,0
Kirinyaga,2010-10-01,0
Kirinyaga,2010-11-01,0
Kirinyaga,2010-12-01,0
Kirinyaga,2011-01-01,0
Kirinyaga,2011-02-01,0
Kirinyaga,2011-03-01,0
Kirinyaga,2011-04-01,0
Kirinyaga,2011-05-01,0
Kirinyaga,2011-06-01,0
Kirinyaga,2011-07-01,0
Kirinyaga,2011-08-01,0
Kirinyaga,2011-09-01,0
Kirinyaga,2011-10-01,0
Kirinyaga,2011-11-01,0
Kirinyaga,2011-12-01,0
Kirinyaga,2012-01-01,0
Kirinyaga,2012-02-01,0
Kirinyaga,2012-03-01,0
Kirinyaga,2012-04-01,0
Kirinyaga,2012-05-01,0
Kirinyaga,2012-06-01,0
Kirinyaga,2012-07-01,0
Kirinyaga,2012-08-01,0
Kirinyaga,2012-09-01,0
Kirinyaga,2012-10-01,0
Kirinyaga,2012-11-01,0
Kirinyaga,2012-12-01,0
Kirinyaga,2013-01-01,0
Kirinyaga,2013-02-01,0
Kirinyaga,2013-03-01,0
Kirinyaga,2013-04-01,0
Kirinyaga,2013-05-01,0
Kirinyaga,2013-06-01,0
Kirinyaga,2013-07-01,0
Kirinyaga,2013-08-01,0
Kirinyaga,2013-09-01,0
Kirinyaga,2013-10-01,0
Kirinyaga,2013-11-01,0
Kirinyaga,2013-12-01,0
Kirinyaga,2014-01-01,0
Kirinyaga,2014-02-01,0
Kirinyaga,2014-03-01,0
Kirinyaga,2014-04-01,0
Kirinyaga,2014-05-01,0
Kirinyaga,2014-06-01,0
Kirinyaga,2014-07-01,0
Kirinyaga,2014-08-01,0
Kirinyaga,2014-09-01,0
Kirinyaga,2014-10-01,0
Kirinyaga,2014-11-01,0
Kirinyaga,2014-12-01,0
Kirinyaga,2015-01-01,0
Kirinyaga,2015-02-01,0
Kirinyaga,2015-03-01,0
Kirinyaga,2015-04-01,0
Kirinyaga,2015-05-01,0
Kirinyaga,2015-06-01,0
Kirinyaga,2015-07-01,0
Kirinyaga,2015-08-01,0
Kirinyaga,2015-09-01,0
Kirinyaga,2015-10-01,0
Kirinyaga,2015-11-01,0
Kirinyaga,2015-12-01,0
Kirinyaga,2016-01-01,0
Kirinyaga,2016-02-01,0
Kirinyaga,2016-03-01,0
Kirinyaga,2016-04-01,0
Kirinyaga,2016-05-01,0
Kirinyaga,2016-06-01,0
Kirinyaga,2016-07-01,0
Kirinyaga,2016-08-01,0
Kirinyaga,2016-09-01,0
Kirinyaga,2016-10-01,0
Kirinyaga,2016-11-01,0
Kirinyaga,2016-12-01,0
Kirinyaga,2017-01-01,0
Kirinyaga,2017-02-01,0
Kirinyaga,2017-03-01,0
Kirinyaga,2017-04-01,0
Kirinyaga,2017-05-01,0
Kirinyaga,2017-06-01,0
Kirinyaga,2017-07-01,0
Kirinyaga,2017-08-01,0
Kirinyaga,2017-09-01,0
Kirinyaga,2017-10-01,0
Kirinyaga,2017-11-01,0
Kirinyaga,2017-12-01,0
Kirinyaga,2018-01-01,0
Kirinyaga,2018-02-01,0
Kirinyaga,2018-03-01,1
Kirinyaga,2018-04-01,0
Kirinyaga,2018-05-01,0
Kirinyaga,2018-06-01,1
Kirinyaga,2018-07-01,0
Kirinyaga,2018-08-01,0
Kirinyaga,2018-09-01,0
Kirinyaga,2018-10-01,0
Kirinyaga,2018-11-01,0
Kirinyaga,2018-12-01,0
Kirinyaga,2019-01-01,0
Kirinyaga,2019-02-01,1
Kirinyaga,2019-03-01,0
Kirinyaga,2019-04-01,0
Kirinyaga,2019-05-01,0
Kirinyaga,2019-06-01,1
Kirinyaga,2019-07-01,0
Kirinyaga,2019-08-01,1
Kirinyaga,2019-09-01,0
Kirinyaga,2019-10-01,0
Kirinyaga,2019-11-01,0
Kirinyaga,2019-12-01,1
Kirinyaga,2020-01-01,0
Kirinyaga,2020-02-01,0
Kirinyaga,2020-03-01,0
Kirinyaga,2020-04-01,1
Kirinyaga,2020-05-01,0
Kirinyaga,2020-06-01,0
Kirinyaga,2020-07-01,0
Kirinyaga,2020-08-01,0
Kirinyaga,2020-09-01,0
Kirinyaga,2020-10-01,0
Kirinyaga,2020-11-01,1
Kirinyaga,2020-12-01,1
Kirinyaga,2021-01-01,0
Kirinyaga,2021-02-01,0
Kirinyaga,2021-03-01,0
Kirinyaga,2021-04-01,0
Kirinyaga,2021-05-01,0
Kirinyaga,2021-06-01,0
Kirinyaga,2021-07-01,0
Kirinyaga,2021-08-01,0
Kirinyaga,2021-09-01,0
Kirinyaga,2021-10-01,0
Kirinyaga,2021-11-01,1
Kirinyaga,2021-12-01,1
Kirinyaga,2022-01-01,0
Kirinyaga,2022-02-01,0
Kirinyaga,2022-03-01,0
Kirinyaga,2022-04-01,0
Kirinyaga,2022-05-01,0
Kirinyaga,2022-06-01,0
Kirinyaga,2022-07-01,0
Kirinyaga,2022-08-01,0
Kirinyaga,2022-09-01,0
Kirinyaga,2022-10-01,0
Kirinyaga,2022-11-01,1
Kirinyaga,2022-12-01,0
Kirinyaga,2023-01-01,0
Kirinyaga,2023-02-01,0
Kirinyaga,2023-03-01,1
Kirinyaga,2023-04-01,0
Kirinyaga,2023-05-01,1
Kirinyaga,2023-06-01,0
Kirinyaga,2023-07-01,1
Kirinyaga,2023-08-01,0
Kirinyaga,2023-09-01,0
Kirinyaga,2023-10-01,0
Kirinyaga,2023-11-01,0
Kirinyaga,2023-12-01,0
Kisii,2005-05-01,0
Kisii,2005-06-01,0
Kisii,2005-07-01,0
Kisii,2005-08-01,0
Kisii,2005-09-01,0
Kisii,2005-10-01,0
Kisii,2005-11-01,0
Kisii,2005-12-01,0
Kisii,2006-01-01,0
Kisii,2006-02-01,0
Kisii,2006-03-01,0
Kisii,2006-04-01,0
Kisii,2006-05-01,0
Kisii,2006-06-01,0
Kisii,2006-07-01,0
Kisii,2006-08-01,0
Kisii,2006-09-01,0
Kisii,2006-10-01,0
Kisii,2006-11-01,0
Kisii,2006-12-01,0
Kisii,2007-01-01,0
Kisii,2007-02-01,0
Kisii,2007-03-01,0
Kisii,2007-04-01,0
Kisii,2007-05-01,0
Kisii,2007-06-01,0
Kisii,2007-07-01,0
Kisii,2007-08-01,0
Kisii,2007-09-01,0
Kisii,2007-10-01,0
Kisii,2007-11-01,0
Kisii,2007-12-01,0
Kisii,2008-01-01,0
Kisii,2008-02-01,0
Kisii,2008-03-01,0
Kisii,2008-04-01,0
Kisii,2008-05-01,0
Kisii,2008-06-01,0
Kisii,2008-07-01,0
Kisii,2008-08-01,0
Kisii,2008-09-01,0
Kisii,2008-10-01,0
Kisii,2008-11-01,0
Kisii,2008-12-01,0
Kisii,2009-01-01,0
Kisii,2009-02-01,0
Kisii,2009-03-01,0
Kisii,2009-04-01,0
Kisii,2009-05-01,0
Kisii,2009-06-01,0
Kisii,2009-07-01,0
Kisii,2009-08-01,0
Kisii,2009-09-01,0
Kisii,2009-10-01,0
Kisii,2009-11-01,0
Kisii,2009-12-01,0
Kisii,2010-01-01,0
Kisii,2010-02-01,0
Kisii,2010-03-01,0
Kisii,2010-04-01,0
Kisii,2010-05-01,0
Kisii,2010-06-01,0
Kisii,2010-07-01,0
Kisii,2010-08-01,0
Kisii,2010-09-01,0
Kisii,2010-10-01,0
Kisii,2010-11-01,0
Kisii,2010-12-01,0
Kisii,2011-01-01,0
Kisii,2011-02-01,0
Kisii,2011-03-01,0
Kisii,2011-04-01,0
Kisii,2011-05-01,0
Kisii,2011-06-01,0
Kisii,2011-07-01,0
Kisii,2011-08-01,0
Kisii,2011-09-01,0
Kisii,2011-10-01,0
Kisii,2011-11-01,0
Kisii,2011-12-01,0
Kisii,2012-01-01,0
Kisii,2012-02-01,0
Kisii,2012-03-01,0
Kisii,2012-04-01,0
Kisii,2012-05-01,0
Kisii,2012-06-01,0
Kisii,2012-07-01,0
Kisii,2012-08-01,0
Kisii,2012-09-01,0
Kisii,2012-10-01,0
Kisii,2012-11-01,0
Kisii,2012-12-01,0
Kisii,2013-01-01,0
Kisii,2013-02-01,0
Kisii,2013-03-01,0
Kisii,2013-04-01,0
Kisii,2013-05-01,0
Kisii,2013-06-01,0
Kisii,2013-07-01,0
Kisii,2013-08-01,0
Kisii,2013-09-01,0
Kisii,2013-10-01,0
Kisii,2013-11-01,0
Kisii,2013-12-01,0
Kisii,2014-01-01,0
Kisii,2014-02-01,0
Kisii,2014-03-01,0
Kisii,2014-04-01,0
Kisii,2014-05-01,0
Kisii,2014-06-01,0
Kisii,2014-07-01,0
Kisii,2014-08-01,0
Kisii,2014-09-01,0
Kisii,2014-10-01,0
Kisii,2014-11-01,0
Kisii,2014-12-01,0
Kisii,2015-01-01,0
Kisii,2015-02-01,0
Kisii,2015-03-01,0
Kisii,2015-04-01,0
Kisii,2015-05-01,0
Kisii,2015-06-01,0
Kisii,2015-07-01,0
Kisii,2015-08-01,0
Kisii,2015-09-01,0
Kisii,2015-10-01,0
Kisii,2015-11-01,0
Kisii,2015-12-01,0
Kisii,2016-01-01,0
Kisii,2016-02-01,0
Kisii,2016-03-01,0
Kisii,2016-04-01,0
Kisii,2016-05-01,0
Kisii,2016-06-01,0
Kisii,2016-07-01,0
Kisii,2016-08-01,0
Kisii,2016-09-01,0
Kisii,2016-10-01,0
Kisii,2016-11-01,0
Kisii,2016-12-01,1
Kisii,2017-01-01,0
Kisii,2017-02-01,0
Kisii,2017-03-01,0
Kisii,2017-04-01,0
Kisii,2017-05-01,1
Kisii,2017-06-01,1
Kisii,2017-07-01,0
Kisii,2017-08-01,0
Kisii,2017-09-01,0
Kisii,2017-10-01,0
Kisii,2017-11-01,0
Kisii,2017-12-01,0
Kisii,2018-01-01,0
Kisii,2018-02-01,0
Kisii,2018-03-01,0
Kisii,2018-04-01,0
Kisii,2018-05-01,0
Kisii,2018-06-01,0
Kisii,2018-07-01,1
Kisii,2018-08-01,0
Kisii,2018-09-01,1
Kisii,2018-10-01,0
Kisii,2018-11-01,0
Kisii,2018-12-01,0
Kisii,2019-01-01,1
Kisii,2019-02-01,0
Kisii,2019-03-01,0
Kisii,2019-04-01,2
Kisii,2019-05-01,0
Kisii,2019-06-01,0
Kisii,2019-07-01,0
Kisii,2019-08-01,0
Kisii,2019-09-01,0
Kisii,2019-10-01,0
Kisii,2019-11-01,0
Kisii,2019-12-01,1
Kisii,2020-01-01,0
Kisii,2020-02-01,0
Kisii,2020-03-01,0
Kisii,2020-04-01,0
Kisii,2020-05-01,0
Kisii,2020-06-01,0
Kisii,2020-07-01,0
Kisii,2020-08-01,0
Kisii,2020-09-01,0
Kisii,2020-10-01,0
Kisii,2020-11-01,0
Kisii,2020-12-01,0
Kisii,2021-01-01,2
Kisii,2021-02-01,0
Kisii,2021-03-01,0
Kisii,2021-04-01,0
Kisii,2021-05-01,0
Kisii,2021-06-01,0
Kisii,2021-07-01,0
Kisii,2021-08-01,0
Kisii,2021-09-01,0
Kisii,2021-10-01,0
Kisii,2021-11-01,0
Kisii,2021-12-01,0
Kisii,2022-01-01,0
Kisii,2022-02-01,0
Kisii,2022-03-01,0
Kisii,2022-04-01,0
Kisii,2022-05-01,0
Kisii,2022-06-01,0
Kisii,2022-07-01,0
Kisii,2022-08-01,0
Kisii,2022-09-01,0
Kisii,2022-10-01,0
Kisii,2022-11-01,0
Kisii,2022-12-01,1
Kisii,2023-01-01,0
Kisii,2023-02-01,0
Kisii,2023-03-01,0
Kisii,2023-04-01,0
Kisii,2023-05-01,0
Kisii,2023-06-01,1
Kisii,2023-07-01,0
Kisii,2023-08-01,0
Kisii,2023-09-01,0
Kisii,2023-10-01,0
Kisii,2023-11-01,1
Kisii,2023-12-01,0
Kisumu,2005-05-01,0
Kisumu,2005-06-01,0
Kisumu,2005-07-01,0
Kisumu,2005-08-01,0
Kisumu,2005-09-01,0
Kisumu,2005-10-01,0
Kisumu,2005-11-01,0
Kisumu,2005-12-01,0
Kisumu,2006-01-01,0
Kisumu,2006-02-01,0
Kisumu,2006-03-01,0
Kisumu,2006-04-01,0
Kisumu,2006-05-01,0
Kisumu,2006-06-01,0
Kisumu,2006-07-01,0
Kisumu,2006-08-01,0
Kisumu,2006-09-01,0
Kisumu,2006-10-01,0
Kisumu,2006-11-01,0
Kisumu,2006-12-01,0
Kisumu,2007-01-01,0
Kisumu,2007-02-01,0
Kisumu,2007-03-01,0
Kisumu,2007-04-01,0
Kisumu,2007-05-01,0
Kisumu,2007-06-01,0
Kisumu,2007-07-01,0
Kisumu,2007-08-01,0
Kisumu,2007-09-01,0
Kisumu,2007-10-01,0
Kisumu,2007-11-01,0
Kisumu,2007-12-01,0
Kisumu,2008-01-01,0
Kisumu,2008-02-01,0
Kisumu,2008-03-01,0
Kisumu,2008-04-01,0
Kisumu,2008-05-01,0
Kisumu,2008-06-01,0
Kisumu,2008-07-01,0
Kisumu,2008-08-01,0
Kisumu,2008-09-01,0
Kisumu,2008-10-01,0
Kisumu,2008-11-01,0
Kisumu,2008-12-01,0
Kisumu,2009-01-01,0
Kisumu,2009-02-01,0
Kisumu,2009-03-01,0
Kisumu,2009-04-01,0
Kisumu,2009-05-01,0
Kisumu,2009-06-01,0
Kisumu,2009-07-01,0
Kisumu,2009-08-01,0
Kisumu,2009-09-01,0
Kisumu,2009-10-01,0
Kisumu,2009-11-01,0
Kisumu,2009-12-01,0
Kisumu,2010-01-01,0
Kisumu,2010-02-01,0
Kisumu,2010-03-01,0
Kisumu,2010-04-01,0
Kisumu,2010-05-01,0
Kisumu,2010-06-01,0
Kisumu,2010-07-01,0
Kisumu,2010-08-01,0
Kisumu,2010-09-01,0
Kisumu,2010-10-01,0
Kisumu,2010-11-01,0
Kisumu,2010-12-01,0
Kisumu,2011-01-01,0
Kisumu,2011-02-01,0
Kisumu,2011-03-01,0
Kisumu,2011-04-01,0
Kisumu,2011-05-01,0
Kisumu,2011-06-01,0
Kisumu,2011-07-01,0
Kisumu,2011-08-01,0
Kisumu,2011-09-01,0
Kisumu,2011-10-01,0
Kisumu,2011-11-01,0
Kisumu,2011-12-01,0
Kisumu,2012-01-01,0
Kisumu,2012-02-01,0
Kisumu,2012-03-01,0
Kisumu,2012-04-01,0
Kisumu,2012-05-01,0
Kisumu,2012-06-01,0
Kisumu,2012-07-01,0
Kisumu,2012-08-01,0
Kisumu,2012-09-01,0
Kisumu,2012-10-01,0
Kisumu,2012-11-01,0
Kisumu,2012-12-01,0
Kisumu,2013-01-01,0
Kisumu,2013-02-01,0
Kisumu,2013-03-01,0
Kisumu,2013-04-01,0
Kisumu,2013-05-01,0
Kisumu,2013-06-01,0
Kisumu,2013-07-01,0
Kisumu,2013-08-01,0
Kisumu,2013-09-01,0
Kisumu,2013-10-01,0
Kisumu,2013-11-01,0
Kisumu,2013-12-01,0
Kisumu,2014-01-01,0
Kisumu,2014-02-01,0
Kisumu,2014-03-01,0
Kisumu,2014-04-01,0
Kisumu,2014-05-01,0
Kisumu,2014-06-01,0
Kisumu,2014-07-01,0
Kisumu,2014-08-01,0
Kisumu,2014-09-01,0
Kisumu,2014-10-01,0
Kisumu,2014-11-01,0
Kisumu,2014-12-01,0
Kisumu,2015-01-01,0
Kisumu,2015-02-01,0
Kisumu,2015-03-01,0
Kisumu,2015-04-01,0
Kisumu,2015-05-01,0
Kisumu,2015-06-01,0
Kisumu,2015-07-01,0
Kisumu,2015-08-01,0
Kisumu,2015-09-01,0
Kisumu,2015-10-01,0
Kisumu,2015-11-01,0
Kisumu,2015-12-01,0
Kisumu,2016-01-01,0
Kisumu,2016-02-01,0
Kisumu,2016-03-01,0
Kisumu,2016-04-01,0
Kisumu,2016-05-01,0
Kisumu,2016-06-01,0
Kisumu,2016-07-01,0
Kisumu,2016-08-01,0
Kisumu,2016-09-01,0
Kisumu,2016-10-01,1
Kisumu,2016-11-01,0
Kisumu,2016-12-01,0
Kisumu,2017-01-01,0
Kisumu,2017-02-01,0
Kisumu,2017-03-01,1
Kisumu,2017-04-01,1
Kisumu,2017-05-01,0
Kisumu,2017-06-01,1
Kisumu,2017-07-01,0
Kisumu,2017-08-01,0
Kisumu,2017-09-01,0
Kisumu,2017-10-01,0
Kisumu,2017-11-01,0
Kisumu,2017-12-01,0
Kisumu,2018-01-01,0
Kisumu,2018-02-01,0
Kisumu,2018-03-01,0
Kisumu,2018-04-01,0
Kisumu,2018-05-01,0
Kisumu,2018-06-01,1
Kisumu,2018-07-01,0
Kisumu,2018-08-01,0
Kisumu,2018-09-01,0
Kisumu,2018-10-01,0
Kisumu,2018-11-01,0
Kisumu,2018-12-01,1
Kisumu,2019-01-01,0
Kisumu,2019-02-01,0
Kisumu,2019-03-01,0
Kisumu,2019-04-01,0
Kisumu,2019-05-01,0
Kisumu,2019-06-01,0
Kisumu,2019-07-01,0
Kisumu,2019-08-01,0
Kisumu,2019-09-01,1
Kisumu,2019-10-01,0
Kisumu,2019-11-01,0
Kisumu,2019-12-01,0
Kisumu,2020-01-01,0
Kisumu,2020-02-01,0
Kisumu,2020-03-01,1
Kisumu,2020-04-01,0
Kisumu,2020-05-01,0
Kisumu,2020-06-01,0
Kisumu,2020-07-01,0
Kisumu,2020-08-01,1
Kisumu,2020-09-01,0
Kisumu,2020-10-01,0
Kisumu,2020-11-01,0
Kisumu,2020-12-01,0
Kisumu,2021-01-01,0
Kisumu,2021-02-01,0
Kisumu,2021-03-01,0
Kisumu,2021-04-01,0
Kisumu,2021-05-01,0
Kisumu,2021-06-01,0
Kisumu,2021-07-01,0
Kisumu,2021-08-01,0
Kisumu,2021-09-01,1
Kisumu,2021-10-01,0
Kisumu,2021-11-01,0
Kisumu,2021-12-01,0
Kisumu,2022-01-01,0
Kisumu,2022-02-01,0
Kisumu,2022-03-01,0
Kisumu,2022-04-01,0
Kisumu,2022-05-01,1
Kisumu,2022-06-01,0
Kisumu,2022-07-01,0
Kisumu,2022-08-01,0
Kisumu,2022-09-01,0
Kisumu,2022-10-01,0
Kisumu,2022-11-01,0
Kisumu,2022-12-01,0
Kisumu,2023-01-01,1
Kisumu,2023-02-01,0
Kisumu,2023-03-01,0
Kisumu,2023-04-01,1
Kisumu,2023-05-01,1
Kisumu,2023-06-01,0
Kisumu,2023-07-01,0
Kisumu,2023-08-01,0
Kisumu,2023-09-01,0
Kisumu,2023-10-01,0
Kisumu,2023-11-01,0
Kisumu,2023-12-01,0
Kitui,2005-05-01,0
Kitui,2005-06-01,0
Kitui,2005-07-01,0
Kitui,2005-08-01,0
Kitui,2005-09-01,0
Kitui,2005-10-01,0
Kitui,2005-11-01,0
Kitui,2005-12-01,0
Kitui,2006-01-01,0
Kitui,2006-02-01,0
Kitui,2006-03-01,0
Kitui,2006-04-01,0
Kitui,2006-05-01,0
Kitui,2006-06-01,0
Kitui,2006-07-01,0
Kitui,2006-08-01,0
Kitui,2006-09-01,0
Kitui,2006-10-01,0
Kitui,2006-11-01,0
Kitui,2006-12-01,0
Kitui,2007-01-01,0
Kitui,2007-02-01,0
Kitui,2007-03-01,0
Kitui,2007-04-01,0
Kitui,2007-05-01,0
Kitui,2007-06-01,0
Kitui,2007-07-01,0
Kitui,2007-08-01,0
Kitui,2007-09-01,0
Kitui,2007-10-01,0
Kitui,2007-11-01,0
Kitui,2007-12-01,0
Kitui,2008-01-01,0
Kitui,2008-02-01,0
Kitui,2008-03-01,0
Kitui,2008-04-01,0
Kitui,2008-05-01,0
Kitui,2008-06-01,0
Kitui,2008-07-01,0
Kitui,2008-08-01,0
Kitui,2008-09-01,0
Kitui,2008-10-01,0
Kitui,2008-11-01,0
Kitui,2008-12-01,0
Kitui,2009-01-01,0
Kitui,2009-02-01,0
Kitui,2009-03-01,0
Kitui,2009-04-01,0
Kitui,2009-05-01,0
Kitui,2009-06-01,0
Kitui,2009-07-01,0
Kitui,2009-08-01,0
Kitui,2009-09-01,0
Kitui,2009-10-01,0
Kitui,2009-11-01,0
Kitui,2009-12-01,0
Kitui,2010-01-01,0
Kitui,2010-02-01,0
Kitui,2010-03-01,0
Kitui,2010-04-01,0
Kitui,2010-05-01,0
Kitui,2010-06-01,0
Kitui,2010-07-01,0
Kitui,2010-08-01,0
Kitui,2010-09-01,0
Kitui,2010-10-01,0
Kitui,2010-11-01,0
Kitui,2010-12-01,0
Kitui,2011-01-01,0
Kitui,2011-02-01,0
Kitui,2011-03-01,0
Kitui,2011-04-01,0
Kitui,2011-05-01,0
Kitui,2011-06-01,0
Kitui,2011-07-01,0
Kitui,2011-08-01,0
Kitui,2011-09-01,0
Kitui,2011-10-01,0
Kitui,2011-11-01,0
Kitui,2011-12-01,0
Kitui,2012-01-01,0
Kitui,2012-02-01,0
Kitui,2012-03-01,0
Kitui,2012-04-01,0
Kitui,2012-05-01,0
Kitui,2012-06-01,0
Kitui,2012-07-01,0
Kitui,2012-08-01,0
Kitui,2012-09-01,0
Kitui,2012-10-01,0
Kitui,2012-11-01,0
Kitui,2012-12-01,0
Kitui,2013-01-01,0
Kitui,2013-02-01,0
Kitui,2013-03-01,0
Kitui,2013-04-01,0
Kitui,2013-05-01,0
Kitui,2013-06-01,0
Kitui,2013-07-01,0
Kitui,2013-08-01,0
Kitui,2013-09-01,0
Kitui,2013-10-01,0
Kitui,2013-11-01,1
Kitui,2013-12-01,0
Kitui,2014-01-01,0
Kitui,2014-02-01,0
Kitui,2014-03-01,0
Kitui,2014-04-01,0
Kitui,2014-05-01,0
Kitui,2014-06-01,0
Kitui,2014-07-01,0
Kitui,2014-08-01,0
Kitui,2014-09-01,0
Kitui,2014-10-01,0
Kitui,2014-11-01,0
Kitui,2014-12-01,0
Kitui,2015-01-01,0
Kitui,2015-02-01,0
Kitui,2015-03-01,0
Kitui,2015-04-01,0
Kitui,2015-05-01,0
Kitui,2015-06-01,0
Kitui,2015-07-01,0
Kitui,2015-08-01,0
Kitui,2015-09-01,0
Kitui,2015-10-01,0
Kitui,2015-11-01,0
Kitui,2015-12-01,0
Kitui,2016-01-01,0
Kitui,2016-02-01,0
Kitui,2016-03-01,0
Kitui,2016-04-01,1
Kitui,2016-05-01,0
Kitui,2016-06-01,0
Kitui,2016-07-01,0
Kitui,2016-08-01,0
Kitui,2016-09-01,0
Kitui,2016-10-01,0
Kitui,2016-11-01,0
Kitui,2016-12-01,0
Kitui,2017-01-01,0
Kitui,2017-02-01,0
Kitui,2017-03-01,0
Kitui,2017-04-01,0
Kitui,2017-05-01,0
Kitui,2017-06-01,0
Kitui,2017-07-01,0
Kitui,2017-08-01,0
Kitui,2017-09-01,0
Kitui,2017-10-01,0
Kitui,2017-11-01,0
Kitui,2017-12-01,0
Kitui,2018-01-01,0
Kitui,2018-02-01,0
Kitui,2018-03-01,0
Kitui,2018-04-01,0
Kitui,2018-05-01,0
Kitui,2018-06-01,0
Kitui,2018-07-01,0
Kitui,2018-08-01,0
Kitui,2018-09-01,0
Kitui,2018-10-01,0
Kitui,2018-11-01,0
Kitui,2018-12-01,1
Kitui,2019-01-01,0
Kitui,2019-02-01,0
Kitui,2019-03-01,0
Kitui,2019-04-01,0
Kitui,2019-05-01,1
Kitui,2019-06-01,0
Kitui,2019-07-01,0
Kitui,2019-08-01,0
Kitui,2019-09-01,0
Kitui,2019-10-01,0
Kitui,2019-11-01,0
Kitui,2019-12-01,0
Kitui,2020-01-01,1
Kitui,2020-02-01,0
Kitui,2020-03-01,0
Kitui,2020-04-01,0
Kitui,2020-05-01,0
Kitui,2020-06-01,0
Kitui,2020-07-01,0
Kitui,2020-08-01,0
Kitui,2020-09-01,0
Kitui,2020-10-01,0
Kitui,2020-11-01,0
Kitui,2020-12-01,0
Kitui,2021-01-01,0
Kitui,2021-02-01,0
Kitui,2021-03-01,0
Kitui,2021-04-01,1
Kitui,2021-05-01,1
Kitui,2021-06-01,0
Kitui,2021-07-01,0
Kitui,2021-08-01,0
Kitui,2021-09-01,0
Kitui,2021-10-01,0
Kitui,2021-11-01,0
Kitui,2021-12-01,0
Kitui,2022-01-01,0
Kitui,2022-02-01,0
Kitui,2022-03-01,0
Kitui,2022-04-01,0
Kitui,2022-05-01,0
Kitui,2022-06-01,0
Kitui,2022-07-01,0
Kitui,2022-08-01,0
Kitui,2022-09-01,0
Kitui,2022-10-01,0
Kitui,2022-11-01,0
Kitui,2022-12-01,0
Kitui,2023-01-01,0
Kitui,2023-02-01,0
Kitui,2023-03-01,1
Kitui,2023-04-01,0
Kitui,2023-05-01,0
Kitui,2023-06-01,0
Kitui,2023-07-01,0
Kitui,2023-08-01,1
Kitui,2023-09-01,0
Kitui,2023-10-01,0
Kitui,2023-11-01,0
Kitui,2023-12-01,0
Kwale,2005-05-01,0
Kwale,2005-06-01,0
Kwale,2005-07-01,0
Kwale,2005-08-01,0
Kwale,2005-09-01,0
Kwale,2005-10-01,0
Kwale,2005-11-01,0
Kwale,2005-12-01,0
Kwale,2006-01-01,0
Kwale,2006-02-01,0
Kwale,2006-03-01,0
Kwale,2006-04-01,0
Kwale,2006-05-01,0
Kwale,2006-06-01,0
Kwale,2006-07-01,0
Kwale,2006-08-01,0
Kwale,2006-09-01,0
Kwale,2006-10-01,0
Kwale,2006-11-01,0
Kwale,2006-12-01,0
Kwale,2007-01-01,0
Kwale,2007-02-01,0
Kwale,2007-03-01,0
Kwale,2007-04-01,0
Kwale,2007-05-01,0
Kwale,2007-06-01,0
Kwale,2007-07-01,0
Kwale,2007-08-01,0
Kwale,2007-09-01,0
Kwale,2007-10-01,0
Kwale,2007-11-01,0
Kwale,2007-12-01,0
Kwale,2008-01-01,0
Kwale,2008-02-01,0
Kwale,2008-03-01,0
Kwale,2008-04-01,0
Kwale,2008-05-01,0
Kwale,2008-06-01,0
Kwale,2008-07-01,0
Kwale,2008-08-01,0
Kwale,2008-09-01,0
Kwale,2008-10-01,0
Kwale,2008-11-01,0
Kwale,2008-12-01,0
Kwale,2009-01-01,0
Kwale,2009-02-01,0
Kwale,2009-03-01,0
Kwale,2009-04-01,0
Kwale,2009-05-01,0
Kwale,2009-06-01,0
Kwale,2009-07-01,0
Kwale,2009-08-01,0
Kwale,2009-09-01,0
Kwale,2009-10-01,0
Kwale,2009-11-01,0
Kwale,2009-12-01,0
Kwale,2010-01-01,0
Kwale,2010-02-01,0
Kwale,2010-03-01,0
Kwale,2010-04-01,0
Kwale,2010-05-01,0
Kwale,2010-06-01,0
Kwale,2010-07-01,0
Kwale,2010-08-01,0
Kwale,2010-09-01,0
Kwale,2010-10-01,0
Kwale,2010-11-01,0
Kwale,2010-12-01,0
Kwale,2011-01-01,0
Kwale,2011-02-01,0
Kwale,2011-03-01,0
Kwale,2011-04-01,0
Kwale,2011-05-01,0
Kwale,2011-06-01,0
Kwale,2011-07-01,0
Kwale,2011-08-01,0
Kwale,2011-09-01,0
Kwale,2011-10-01,1
Kwale,2011-11-01,0
Kwale,2011-12-01,0
Kwale,2012-01-01,0
Kwale,2012-02-01,0
Kwale,2012-03-01,0
Kwale,2012-04-01,0
Kwale,2012-05-01,0
Kwale,2012-06-01,0
Kwale,2012-07-01,0
Kwale,2012-08-01,0
Kwale,2012-09-01,0
Kwale,2012-10-01,0
Kwale,2012-11-01,0
Kwale,2012-12-01,0
Kwale,2013-01-01,0
Kwale,2013-02-01,0
Kwale,2013-03-01,0
Kwale,2013-04-01,0
Kwale,2013-05-01,0
Kwale,2013-06-01,0
Kwale,2013-07-01,0
Kwale,2013-08-01,0
Kwale,2013-09-01,0
Kwale,2013-10-01,0
Kwale,2013-11-01,0
Kwale,2013-12-01,0
Kwale,2014-01-01,0
Kwale,2014-02-01,0
Kwale,2014-03-01,0
Kwale,2014-04-01,0
Kwale,2014-05-01,0
Kwale,2014-06-01,0
Kwale,2014-07-01,0
Kwale,2014-08-01,0
Kwale,2014-09-01,0
Kwale,2014-10-01,0
Kwale,2014-11-01,0
Kwale,2014-12-01,0
Kwale,2015-01-01,0
Kwale,2015-02-01,0
Kwale,2015-03-01,0
Kwale,2015-04-01,0
Kwale,2015-05-01,0
Kwale,2015-06-01,0
Kwale,2015-07-01,0
Kwale,2015-08-01,0
Kwale,2015-09-01,0
Kwale,2015-10-01,0
Kwale,2015-11-01,0
Kwale,2015-12-01,0
Kwale,2016-01-01,0
Kwale,2016-02-01,0
Kwale,2016-03-01,0
Kwale,2016-04-01,0
Kwale,2016-05-01,0
Kwale,2016-06-01,0
Kwale,2016-07-01,0
Kwale,2016-08-01,0
Kwale,2016-09-01,0
Kwale,2016-10-01,0
Kwale,2016-11-01,0
Kwale,2016-12-01,0
Kwale,2017-01-01,0
Kwale,2017-02-01,0
Kwale,2017-03-01,0
Kwale,2017-04-01,0
Kwale,2017-05-01,0
Kwale,2017-06-01,0
Kwale,2017-07-01,0
Kwale,2017-08-01,0
Kwale,2017-09-01,0
Kwale,2017-10-01,0
Kwale,2017-11-01,0
Kwale,2017-12-01,0
Kwale,2018-01-01,1
Kwale,2018-02-01,0
Kwale,2018-03-01,0
Kwale,2018-04-01,0
Kwale,2018-05-01,0
Kwale,2018-06-01,0
Kwale,2018-07-01,0
Kwale,2018-08-01,0
Kwale,2018-09-01,0
Kwale,2018-10-01,0
Kwale,2018-11-01,0
Kwale,2018-12-01,0
Kwale,2019-01-01,0
Kwale,2019-02-01,1
Kwale,2019-03-01,0
Kwale,2019-04-01,0
Kwale,2019-05-01,0
Kwale,2019-06-01,0
Kwale,2019-07-01,0
Kwale,2019-08-01,0
Kwale,2019-09-01,0
Kwale,2019-10-01,0
Kwale,2019-11-01,0
Kwale,2019-12-01,0
Kwale,2020-01-01,0
Kwale,2020-02-01,0
Kwale,2020-03-01,0
Kwale,2020-04-01,0
Kwale,2020-05-01,0
Kwale,2020-06-01,0
Kwale,2020-07-01,0
Kwale,2020-08-01,0
Kwale,2020-09-01,0
Kwale,2020-10-01,0
Kwale,2020-11-01,0
Kwale,2020-12-01,1
Kwale,2021-01-01,0
Kwale,2021-02-01,0
Kwale,2021-03-01,0
Kwale,2021-04-01,0
Kwale,2021-05-01,0
Kwale,2021-06-01,0
Kwale,2021-07-01,0
Kwale,2021-08-01,0
Kwale,2021-09-01,0
Kwale,2021-10-01,0
Kwale,2021-11-01,0
Kwale,2021-12-01,0
Kwale,2022-01-01,0
Kwale,2022-02-01,0
Kwale,2022-03-01,0
Kwale,2022-04-01,0
Kwale,2022-05-01,0
Kwale,2022-06-01,0
Kwale,2022-07-01,0
Kwale,2022-08-01,0
Kwale,2022-09-01,0
Kwale,2022-10-01,0
Kwale,2022-11-01,0
Kwale,2022-12-01,0
Kwale,2023-01-01,0
Kwale,2023-02-01,0
Kwale,2023-03-01,0
Kwale,2023-04-01,0
Kwale,2023-05-01,0
Kwale,2023-06-01,0
Kwale,2023-07-01,0
Kwale,2023-08-01,0
Kwale,2023-09-01,0
Kwale,2023-10-01,0
Kwale,2023-11-01,0
Kwale,2023-12-01,0
Laikipia,2005-05-01,0
Laikipia,2005-06-01,0
Laikipia,2005-07-01,0
Laikipia,2005-08-01,0
Laikipia,2005-09-01,0
Laikipia,2005-10-01,0
Laikipia,2005-11-01,0
Laikipia,2005-12-01,0
Laikipia,2006-01-01,0
Laikipia,2006-02-01,0
Laikipia,2006-03-01,0
Laikipia,2006-04-01,0
Laikipia,2006-05-01,0
Laikipia,2006-06-01,0
Laikipia,2006-07-01,0
Laikipia,2006-08-01,0
Laikipia,2006-09-01,0
Laikipia,2006-10-01,0
Laikipia,2006-11-01,0
Laikipia,2006-12-01,0
Laikipia,2007-01-01,0
Laikipia,2007-02-01,0
Laikipia,2007-03-01,0
Laikipia,2007-04-01,0
Laikipia,2007-05-01,0
Laikipia,2007-06-01,0
Laikipia,2007-07-01,0
Laikipia,2007-08-01,0
Laikipia,2007-09-01,0
Laikipia,2007-10-01,0
Laikipia,2007-11-01,0
Laikipia,2007-12-01,0
Laikipia,2008-01-01,0
Laikipia,2008-02-01,0
Laikipia,2008-03-01,0
Laikipia,2008-04-01,0
Laikipia,2008-05-01,0
Laikipia,2008-06-01,0
Laikipia,2008-07-01,0
Laikipia,2008-08-01,0
Laikipia,2008-09-01,0
Laikipia,2008-10-01,0
Laikipia,2008-11-01,0
Laikipia,2008-12-01,0
Laikipia,2009-01-01,0
Laikipia,2009-02-01,0
Laikipia,2009-03-01,0
Laikipia,2009-04-01,0
Laikipia,2009-05-01,0
Laikipia,2009-06-01,0
Laikipia,2009-07-01,0
Laikipia,2009-08-01,0
Laikipia,2009-09-01,0
Laikipia,2009-10-01,0
Laikipia,2009-11-01,0
Laikipia,2009-12-01,0
Laikipia,2010-01-01,0
Laikipia,2010-02-01,0
Laikipia,2010-03-01,0
Laikipia,2010-04-01,0
Laikipia,2010-05-01,0
Laikipia,2010-06-01,0
Laikipia,2010-07-01,0
Laikipia,2010-08-01,0
Laikipia,2010-09-01,0
Laikipia,2010-10-01,0
Laikipia,2010-11-01,0
Laikipia,2010-12-01,0
Laikipia,2011-01-01,0
Laikipia,2011-02-01,0
Laikipia,2011-03-01,0
Laikipia,2011-04-01,0
Laikipia,2011-05-01,0
Laikipia,2011-06-01,0
Laikipia,2011-07-01,0
Laikipia,2011-08-01,0
Laikipia,2011-09-01,0
Laikipia,2011-10-01,0
Laikipia,2011-11-01,0
Laikipia,2011-12-01,0
Laikipia,2012-01-01,0
Laikipia,2012-02-01,0
Laikipia,2012-03-01,0
Laikipia,2012-04-01,0
Laikipia,2012-05-01,0
Laikipia,2012-06-01,0
Laikipia,2012-07-01,0
Laikipia,2012-08-01,0
Laikipia,2012-09-01,0
Laikipia,2012-10-01,0
Laikipia,2012-11-01,0
Laikipia,2012-12-01,0
Laikipia,2013-01-01,0
Laikipia,2013-02-01,0
Laikipia,2013-03-01,0
Laikipia,2013-04-01,0
Laikipia,2013-05-01,0
Laikipia,2013-06-01,0
Laikipia,2013-07-01,0
Laikipia,2013-08-01,0
Laikipia,2013-09-01,0
Laikipia,2013-10-01,0
Laikipia,2013-11-01,0
Laikipia,2013-12-01,0
Laikipia,2014-01-01,0
Laikipia,2014-02-01,0
Laikipia,2014-03-01,0
Laikipia,2014-04-01,0
Laikipia,2014-05-01,0
Laikipia,2014-06-01,0
Laikipia,2014-07-01,0
Laikipia,2014-08-01,0
Laikipia,2014-09-01,0
Laikipia,2014-10-01,0
Laikipia,2014-11-01,0
Laikipia,2014-12-01,0
Laikipia,2015-01-01,0
Laikipia,2015-02-01,0
Laikipia,2015-03-01,0
Laikipia,2015-04-01,0
Laikipia,2015-05-01,0
Laikipia,2015-06-01,0
Laikipia,2015-07-01,0
Laikipia,2015-08-01,0
Laikipia,2015-09-01,0
Laikipia,2015-10-01,0
Laikipia,2015-11-01,0
Laikipia,2015-12-01,1
Laikipia,2016-01-01,0
Laikipia,2016-02-01,0
Laikipia,2016-03-01,0
Laikipia,2016-04-01,0
Laikipia,2016-05-01,0
Laikipia,2016-06-01,0
Laikipia,2016-07-01,0
Laikipia,2016-08-01,0
Laikipia,2016-09-01,0
Laikipia,2016-10-01,1
Laikipia,2016-11-01,0
Laikipia,2016-12-01,0
Laikipia,2017-01-01,0
Laikipia,2017-02-01,0
Laikipia,2017-03-01,0
Laikipia,2017-04-01,0
Laikipia,2017-05-01,0
Laikipia,2017-06-01,0
Laikipia,2017-07-01,0
Laikipia,2017-08-01,0
Laikipia,2017-09-01,0
Laikipia,2017-10-01,0
Laikipia,2017-11-01,0
Laikipia,2017-12-01,0
Laikipia,2018-01-01,0
Laikipia,2018-02-01,0
Laikipia,2018-03-01,1
Laikipia,2018-04-01,0
Laikipia,2018-05-01,0
Laikipia,2018-06-01,0
Laikipia,2018-07-01,0
Laikipia,2018-08-01,0
Laikipia,2018-09-01,0
Laikipia,2018-10-01,0
Laikipia,2018-11-01,0
Laikipia,2018-12-01,0
Laikipia,2019-01-01,0
Laikipia,2019-02-01,0
Laikipia,2019-03-01,0
Laikipia,2019-04-01,0
Laikipia,2019-05-01,0
Laikipia,2019-06-01,1
Laikipia,2019-07-01,0
Laikipia,2019-08-01,0
Laikipia,2019-09-01,0
Laikipia,2019-10-01,1
Laikipia,2019-11-01,0
Laikipia,2019-12-01,0
Laikipia,2020-01-01,1
Laikipia,2020-02-01,0
Laikipia,2020-03-01,0
Laikipia,2020-04-01,0
Laikipia,2020-05-01,0
Laikipia,2020-06-01,0
Laikipia,2020-07-01,0
Laikipia,2020-08-01,0
Laikipia,2020-09-01,0
Laikipia,2020-10-01,0
Laikipia,2020-11-01,0
Laikipia,2020-12-01,0
Laikipia,2021-01-01,0
Laikipia,2021-02-01,0
Laikipia,2021-03-01,0
Laikipia,2021-04-01,0
Laikipia,2021-05-01,0
Laikipia,2021-06-01,0
Laikipia,2021-07-01,0
Laikipia,2021-08-01,0
Laikipia,2021-09-01,0
Laikipia,2021-10-01,0
Laikipia,2021-11-01,0
Laikipia,2021-12-01,0
Laikipia,2022-01-01,0
Laikipia,2022-02-01,0
Laikipia,2022-03-01,0
Laikipia,2022-04-01,0
Laikipia,2022-05-01,0
Laikipia,2022-06-01,0
Laikipia,2022-07-01,0
Laikipia,2022-08-01,0
Laikipia,2022-09-01,0
Laikipia,2022-10-01,0
Laikipia,2022-11-01,0
Laikipia,2022-12-01,0
Laikipia,2023-01-01,1
Laikipia,2023-02-01,0
Laikipia,2023-03-01,0
Laikipia,2023-04-01,0
Laikipia,2023-05-01,0
Laikipia,2023-06-01,0
Laikipia,2023-07-01,0
Laikipia,2023-08-01,0
Laikipia,2023-09-01,0
Laikipia,2023-10-01,0
Laikipia,2023-11-01,0
Laikipia,2023-12-01,0
Lamu,2005-05-01,0
Lamu,2005-06-01,0
Lamu,2005-07-01,0
Lamu,2005-08-01,0
Lamu,2005-09-01,0
Lamu,2005-10-01,0
Lamu,2005-11-01,0
Lamu,2005-12-01,0
Lamu,2006-01-01,0
Lamu,2006-02-01,0
Lamu,2006-03-01,0
Lamu,2006-04-01,0
Lamu,2006-05-01,0
Lamu,2006-06-01,0
Lamu,2006-07-01,0
Lamu,2006-08-01,0
Lamu,2006-09-01,0
Lamu,2006-10-01,0
Lamu,2006-11-01,0
Lamu,2006-12-01,0
Lamu,2007-01-01,0
Lamu,2007-02-01,0
Lamu,2007-03-01,0
Lamu,2007-04-01,0
Lamu,2007-05-01,0
Lamu,2007-06-01,0
Lamu,2007-07-01,0
Lamu,2007-08-01,0
Lamu,2007-09-01,0
Lamu,2007-10-01,0
Lamu,2007-11-01,0
Lamu,2007-12-01,0
Lamu,2008-01-01,0
Lamu,2008-02-01,0
Lamu,2008-03-01,0
Lamu,2008-04-01,0
Lamu,2008-05-01,0
Lamu,2008-06-01,0
Lamu,2008-07-01,0
Lamu,2008-08-01,0
Lamu,2008-09-01,0
Lamu,2008-10-01,0
Lamu,2008-11-01,0
Lamu,2008-12-01,0
Lamu,2009-01-01,0
Lamu,2009-02-01,0
Lamu,2009-03-01,0
Lamu,2009-04-01,0
Lamu,2009-05-01,0
Lamu,2009-06-01,0
Lamu,2009-07-01,0
Lamu,2009-08-01,0
Lamu,2009-09-01,0
Lamu,2009-10-01,0
Lamu,2009-11-01,0
Lamu,2009-12-01,0
Lamu,2010-01-01,0
Lamu,2010-02-01,0
Lamu,2010-03-01,0
Lamu,2010-04-01,0
Lamu,2010-05-01,0
Lamu,2010-06-01,0
Lamu,2010-07-01,0
Lamu,2010-08-01,0
Lamu,2010-09-01,0
Lamu,2010-10-01,0
Lamu,2010-11-01,0
Lamu,2010-12-01,0
Lamu,2011-01-01,0
Lamu,2011-02-01,0
Lamu,2011-03-01,0
Lamu,2011-04-01,0
Lamu,2011-05-01,0
Lamu,2011-06-01,0
Lamu,2011-07-01,0
Lamu,2011-08-01,0
Lamu,2011-09-01,0
Lamu,2011-10-01,0
Lamu,2011-11-01,0
Lamu,2011-12-01,0
Lamu,2012-01-01,0
Lamu,2012-02-01,0
Lamu,2012-03-01,0
Lamu,2012-04-01,0
Lamu,2012-05-01,0
Lamu,2012-06-01,0
Lamu,2012-07-01,0
Lamu,2012-08-01,0
Lamu,2012-09-01,0
Lamu,2012-10-01,0
Lamu,2012-11-01,0
Lamu,2012-12-01,0
Lamu,2013-01-01,0
Lamu,2013-02-01,0
Lamu,2013-03-01,0
Lamu,2013-04-01,0
Lamu,2013-05-01,0
Lamu,2013-06-01,0
Lamu,2013-07-01,0
Lamu,2013-08-01,0
Lamu,2013-09-01,0
Lamu,2013-10-01,0
Lamu,2013-11-01,0
Lamu,2013-12-01,0
Lamu,2014-01-01,0
Lamu,2014-02-01,0
Lamu,2014-03-01,0
Lamu,2014-04-01,0
Lamu,2014-05-01,0
Lamu,2014-06-01,0
Lamu,2014-07-01,0
Lamu,2014-08-01,0
Lamu,2014-09-01,0
Lamu,2014-10-01,0
Lamu,2014-11-01,0
Lamu,2014-12-01,0
Lamu,2015-01-01,0
Lamu,2015-02-01,0
Lamu,2015-03-01,0
Lamu,2015-04-01,0
Lamu,2015-05-01,0
Lamu,2015-06-01,0
Lamu,2015-07-01,0
Lamu,2015-08-01,0
Lamu,2015-09-01,0
Lamu,2015-10-01,0
Lamu,2015-11-01,0
Lamu,2015-12-01,0
Lamu,2016-01-01,0
Lamu,2016-02-01,0
Lamu,2016-03-01,0
Lamu,2016-04-01,0
Lamu,2016-05-01,0
Lamu,2016-06-01,0
Lamu,2016-07-01,0
Lamu,2016-08-01,0
Lamu,2016-09-01,0
Lamu,2016-10-01,0
Lamu,2016-11-01,0
Lamu,2016-12-01,0
Lamu,2017-01-01,0
Lamu,2017-02-01,0
Lamu,2017-03-01,0
Lamu,2017-04-01,0
Lamu,2017-05-01,0
Lamu,2017-06-01,0
Lamu,2017-07-01,0
Lamu,2017-08-01,0
Lamu,2017-09-01,0
Lamu,2017-10-01,0
Lamu,2017-11-01,0
Lamu,2017-12-01,0
Lamu,2018-01-01,0
Lamu,2018-02-01,0
Lamu,2018-03-01,0
Lamu,2018-04-01,0
Lamu,2018-05-01,0
Lamu,2018-06-01,0
Lamu,2018-07-01,0
Lamu,2018-08-01,0
Lamu,2018-09-01,0
Lamu,2018-10-01,1
Lamu,2018-11-01,0
Lamu,2018-12-01,0
Lamu,2019-01-01,0
Lamu,2019-02-01,0
Lamu,2019-03-01,0
Lamu,2019-04-01,0
Lamu,2019-05-01,0
Lamu,2019-06-01,0
Lamu,2019-07-01,0
Lamu,2019-08-01,0
Lamu,2019-09-01,0
Lamu,2019-10-01,0
Lamu,2019-11-01,0
Lamu,2019-12-01,0
Lamu,2020-01-01,0
Lamu,2020-02-01,0
Lamu,2020-03-01,0
Lamu,2020-04-01,0
Lamu,2020-05-01,0
Lamu,2020-06-01,0
Lamu,2020-07-01,0
Lamu,2020-08-01,0
Lamu,2020-09-01,0
Lamu,2020-10-01,0
Lamu,2020-11-01,0
Lamu,2020-12-01,0
Lamu,2021-01-01,0
Lamu,2021-02-01,0
Lamu,2021-03-01,0
Lamu,2021-04-01,0
Lamu,2021-05-01,0
Lamu,2021-06-01,0
Lamu,2021-07-01,0
Lamu,2021-08-01,0
Lamu,2021-09-01,0
Lamu,2021-10-01,0
Lamu,2021-11-01,0
Lamu,2021-12-01,0
Lamu,2022-01-01,0
Lamu,2022-02-01,0
Lamu,2022-03-01,0
Lamu,2022-04-01,0
Lamu,2022-05-01,0
Lamu,2022-06-01,0
Lamu,2022-07-01,0
Lamu,2022-08-01,0
Lamu,2022-09-01,0
Lamu,2022-10-01,0
Lamu,2022-11-01,0
Lamu,2022-12-01,0
Lamu,2023-01-01,0
Lamu,2023-02-01,0
Lamu,2023-03-01,0
Lamu,2023-04-01,0
Lamu,2023-05-01,0
Lamu,2023-06-01,0
Lamu,2023-07-01,0
Lamu,2023-08-01,0
Lamu,2023-09-01,0
Lamu,2023-10-01,0
Lamu,2023-11-01,0
Lamu,2023-12-01,0
Machakos,2005-05-01,0
Machakos,2005-06-01,0
Machakos,2005-07-01,0
Machakos,2005-08-01,0
Machakos,2005-09-01,0
Machakos,2005-10-01,0
Machakos,2005-11-01,0
Machakos,2005-12-01,0
Machakos,2006-01-01,0
Machakos,2006-02-01,0
Machakos,2006-03-01,0
Machakos,2006-04-01,0
Machakos,2006-05-01,0
Machakos,2006-06-01,0
Machakos,2006-07-01,0
Machakos,2006-08-01,0
Machakos,2006-09-01,0
Machakos,2006-10-01,0
Machakos,2006-11-01,0
Machakos,2006-12-01,0
Machakos,2007-01-01,0
Machakos,2007-02-01,0
Machakos,2007-03-01,0
Machakos,2007-04-01,0
Machakos,2007-05-01,0
Machakos,2007-06-01,0
Machakos,2007-07-01,0
Machakos,2007-08-01,0
Machakos,2007-09-01,0
Machakos,2007-10-01,0
Machakos,2007-11-01,0
Machakos,2007-12-01,0
Machakos,2008-01-01,0
Machakos,2008-02-01,0
Machakos,2008-03-01,0
Machakos,2008-04-01,0
Machakos,2008-05-01,0
Machakos,2008-06-01,0
Machakos,2008-07-01,0
Machakos,2008-08-01,0
Machakos,2008-09-01,0
Machakos,2008-10-01,0
Machakos,2008-11-01,0
Machakos,2008-12-01,0
Machakos,2009-01-01,0
Machakos,2009-02-01,0
Machakos,2009-03-01,0
Machakos,2009-04-01,0
Machakos,2009-05-01,0
Machakos,2009-06-01,0
Machakos,2009-07-01,0
Machakos,2009-08-01,0
Machakos,2009-09-01,0
Machakos,2009-10-01,0
Machakos,2009-11-01,0
Machakos,2009-12-01,0
Machakos,2010-01-01,0
Machakos,2010-02-01,0
Machakos,2010-03-01,0
Machakos,2010-04-01,0
Machakos,2010-05-01,0
Machakos,2010-06-01,0
Machakos,2010-07-01,0
Machakos,2010-08-01,0
Machakos,2010-09-01,0
Machakos,2010-10-01,0
Machakos,2010-11-01,0
Machakos,2010-12-01,0
Machakos,2011-01-01,0
Machakos,2011-02-01,0
Machakos,2011-03-01,0
Machakos,2011-04-01,0
Machakos,2011-05-01,0
Machakos,2011-06-01,0
Machakos,2011-07-01,0
Machakos,2011-08-01,0
Machakos,2011-09-01,0
Machakos,2011-10-01,0
Machakos,2011-11-01,0
Machakos,2011-12-01,0
Machakos,2012-01-01,0
Machakos,2012-02-01,0
Machakos,2012-03-01,0
Machakos,2012-04-01,0
Machakos,2012-05-01,0
Machakos,2012-06-01,0
Machakos,2012-07-01,0
Machakos,2012-08-01,0
Machakos,2012-09-01,0
Machakos,2012-10-01,0
Machakos,2012-11-01,0
Machakos,2012-12-01,1
Machakos,2013-01-01,0
Machakos,2013-02-01,0
Machakos,2013-03-01,0
Machakos,2013-04-01,0
Machakos,2013-05-01,0
Machakos,2013-06-01,0
Machakos,2013-07-01,0
Machakos,2013-08-01,0
Machakos,2013-09-01,0
Machakos,2013-10-01,0
Machakos,2013-11-01,0
Machakos,2013-12-01,0
Machakos,2014-01-01,0
Machakos,2014-02-01,0
Machakos,2014-03-01,0
Machakos,2014-04-01,0
Machakos,2014-05-01,0
Machakos,2014-06-01,0
Machakos,2014-07-01,0
Machakos,2014-08-01,0
Machakos,2014-09-01,0
Machakos,2014-10-01,0
Machakos,2014-11-01,0
Machakos,2014-12-01,0
Machakos,2015-01-01,0
Machakos,2015-02-01,0
Machakos,2015-03-01,0
Machakos,2015-04-01,0
Machakos,2015-05-01,0
Machakos,2015-06-01,0
Machakos,2015-07-01,0
Machakos,2015-08-01,0
Machakos,2015-09-01,0
Machakos,2015-10-01,0
Machakos,2015-11-01,0
Machakos,2015-12-01,0
Machakos,2016-01-01,0
Machakos,2016-02-01,0
Machakos,2016-03-01,0
Machakos,2016-04-01,0
Machakos,2016-05-01,0
Machakos,2016-06-01,0
Machakos,2016-07-01,0
Machakos,2016-08-01,0
Machakos,2016-09-01,0
Machakos,2016-10-01,0
Machakos,2016-11-01,0
Machakos,2016-12-01,0
Machakos,2017-01-01,0
Machakos,2017-02-01,0
Machakos,2017-03-01,0
Machakos,2017-04-01,1
Machakos,2017-05-01,0
Machakos,2017-06-01,0
Machakos,2017-07-01,0
Machakos,2017-08-01,0
Machakos,2017-09-01,0
Machakos,2017-10-01,0
Machakos,2017-11-01,0
Machakos,2017-12-01,0
Machakos,2018-01-01,0
Machakos,2018-02-01,0
Machakos,2018-03-01,0
Machakos,2018-04-01,0
Machakos,2018-05-01,0
Machakos,2018-06-01,0
Machakos,2018-07-01,0
Machakos,2018-08-01,0
Machakos,2018-09-01,0
Machakos,2018-10-01,0
Machakos,2018-11-01,0
Machakos,2018-12-01,0
Machakos,2019-01-01,0
Machakos,2019-02-01,0
Machakos,2019-03-01,0
Machakos,2019-04-01,0
Machakos,2019-05-01,0
Machakos,2019-06-01,0
Machakos,2019-07-01,0
Machakos,2019-08-01,0
Machakos,2019-09-01,0
Machakos,2019-10-01,0
Machakos,2019-11-01,0
Machakos,2019-12-01,0
Machakos,2020-01-01,1
Machakos,2020-02-01,0
Machakos,2020-03-01,1
Machakos,2020-04-01,0
Machakos,2020-05-01,1
Machakos,2020-06-01,0
Machakos,2020-07-01,0
Machakos,2020-08-01,0
Machakos,2020-09-01,0
Machakos,2020-10-01,0
Machakos,2020-11-01,0
Machakos,2020-12-01,0
Machakos,2021-01-01,1
Machakos,2021-02-01,1
Machakos,2021-03-01,0
Machakos,2021-04-01,0
Machakos,2021-05-01,0
Machakos,2021-06-01,0
Machakos,2021-07-01,0
Machakos,2021-08-01,0
Machakos,2021-09-01,0
Machakos,2021-10-01,0
Machakos,2021-11-01,0
Machakos,2021-12-01,1
Machakos,2022-01-01,0
Machakos,2022-02-01,0
Machakos,2022-03-01,2
Machakos,2022-04-01,1
Machakos,2022-05-01,0
Machakos,2022-06-01,0
Machakos,2022-07-01,0
Machakos,2022-08-01,0
Machakos,2022-09-01,0
Machakos,2022-10-01,0
Machakos,2022-11-01,0
Machakos,2022-12-01,0
Machakos,2023-01-01,0
Machakos,2023-02-01,0
Machakos,2023-03-01,0
Machakos,2023-04-01,0
Machakos,2023-05-01,0
Machakos,2023-06-01,0
Machakos,2023-07-01,1
Machakos,2023-08-01,0
Machakos,2023-09-01,0
Machakos,2023-10-01,0
Machakos,2023-11-01,0
Machakos,2023-12-01,0
Makueni,2005-05-01,0
Makueni,2005-06-01,0
Makueni,2005-07-01,0
Makueni,2005-08-01,0
Makueni,2005-09-01,0
Makueni,2005-10-01,0
Makueni,2005-11-01,0
Makueni,2005-12-01,0
Makueni,2006-01-01,0
Makueni,2006-02-01,0
Makueni,2006-03-01,0
Makueni,2006-04-01,0
Makueni,2006-05-01,0
Makueni,2006-06-01,0
Makueni,2006-07-01,0
Makueni,2006-08-01,0
Makueni,2006-09-01,0
Makueni,2006-10-01,0
Makueni,2006-11-01,0
Makueni,2006-12-01,0
Makueni,2007-01-01,0
Makueni,2007-02-01,0
Makueni,2007-03-01,0
Makueni,2007-04-01,0
Makueni,2007-05-01,0
Makueni,2007-06-01,0
Makueni,2007-07-01,0
Makueni,2007-08-01,0
Makueni,2007-09-01,0
Makueni,2007-10-01,0
Makueni,2007-11-01,0
Makueni,2007-12-01,0
Makueni,2008-01-01,0
Makueni,2008-02-01,0
Makueni,2008-03-01,0
Makueni,2008-04-01,0
Makueni,2008-05-01,0
Makueni,2008-06-01,0
Makueni,2008-07-01,0
Makueni,2008-08-01,0
Makueni,2008-09-01,0
Makueni,2008-10-01,0
Makueni,2008-11-01,0
Makueni,2008-12-01,0
Makueni,2009-01-01,0
Makueni,2009-02-01,0
Makueni,2009-03-01,0
Makueni,2009-04-01,0
Makueni,2009-05-01,0
Makueni,2009-06-01,0
Makueni,2009-07-01,0
Makueni,2009-08-01,0
Makueni,2009-09-01,0
Makueni,2009-10-01,0
Makueni,2009-11-01,0
Makueni,2009-12-01,0
Makueni,2010-01-01,0
Makueni,2010-02-01,0
Makueni,2010-03-01,0
Makueni,2010-04-01,0
Makueni,2010-05-01,0
Makueni,2010-06-01,0
Makueni,2010-07-01,0
Makueni,2010-08-01,0
Makueni,2010-09-01,0
Makueni,2010-10-01,0
Makueni,2010-11-01,0
Makueni,2010-12-01,0
Makueni,2011-01-01,0
Makueni,2011-02-01,0
Makueni,2011-03-01,0
Makueni,2011-04-01,0
Makueni,2011-05-01,0
Makueni,2011-06-01,0
Makueni,2011-07-01,0
Makueni,2011-08-01,0
Makueni,2011-09-01,0
Makueni,2011-10-01,0
Makueni,2011-11-01,0
Makueni,2011-12-01,0
Makueni,2012-01-01,0
Makueni,2012-02-01,0
Makueni,2012-03-01,0
Makueni,2012-04-01,0
Makueni,2012-05-01,0
Makueni,2012-06-01,0
Makueni,2012-07-01,0
Makueni,2012-08-01,0
Makueni,2012-09-01,0
Makueni,2012-10-01,0
Makueni,2012-11-01,0
Makueni,2012-12-01,0
Makueni,2013-01-01,0
Makueni,2013-02-01,0
Makueni,2013-03-01,0
Makueni,2013-04-01,0
Makueni,2013-05-01,0
Makueni,2013-06-01,0
Makueni,2013-07-01,0
Makueni,2013-08-01,0
Makueni,2013-09-01,0
Makueni,2013-10-01,0
Makueni,2013-11-01,0
Makueni,2013-12-01,0
Makueni,2014-01-01,0
Makueni,2014-02-01,0
Makueni,2014-03-01,0
Makueni,2014-04-01,0
Makueni,2014-05-01,0
Makueni,2014-06-01,0
Makueni,2014-07-01,0
Makueni,2014-08-01,0
Makueni,2014-09-01,0
Makueni,2014-10-01,0
Makueni,2014-11-01,0
Makueni,2014-12-01,0
Makueni,2015-01-01,0
Makueni,2015-02-01,0
Makueni,2015-03-01,0
Makueni,2015-04-01,0
Makueni,2015-05-01,0
Makueni,2015-06-01,0
Makueni,2015-07-01,0
Makueni,2015-08-01,0
Makueni,2015-09-01,0
Makueni,2015-10-01,0
Makueni,2015-11-01,0
Makueni,2015-12-01,0
Makueni,2016-01-01,0
Makueni,2016-02-01,0
Makueni,2016-03-01,0
Makueni,2016-04-01,0
Makueni,2016-05-01,0
Makueni,2016-06-01,0
Makueni,2016-07-01,0
Makueni,2016-08-01,0
Makueni,2016-09-01,0
Makueni,2016-10-01,0
Makueni,2016-11-01,0
Makueni,2016-12-01,0
Makueni,2017-01-01,0
Makueni,2017-02-01,0
Makueni,2017-03-01,0
Makueni,2017-04-01,0
Makueni,2017-05-01,0
Makueni,2017-06-01,1
Makueni,2017-07-01,0
Makueni,2017-08-01,0
Makueni,2017-09-01,0
Makueni,2017-10-01,0
Makueni,2017-11-01,0
Makueni,2017-12-01,0
Makueni,2018-01-01,0
Makueni,2018-02-01,1
Makueni,2018-03-01,0
Makueni,2018-04-01,0
Makueni,2018-05-01,0
Makueni,2018-06-01,0
Makueni,2018-07-01,0
Makueni,2018-08-01,0
Makueni,2018-09-01,0
Makueni,2018-10-01,0
Makueni,2018-11-01,0
Makueni,2018-12-01,1
Makueni,2019-01-01,0
Makueni,2019-02-01,0
Makueni,2019-03-01,0
Makueni,2019-04-01,0
Makueni,2019-05-01,0
Makueni,2019-06-01,0
Makueni,2019-07-01,0
Makueni,2019-08-01,0
Makueni,2019-09-01,0
Makueni,2019-10-01,0
Makueni,2019-11-01,0
Makueni,2019-12-01,0
Makueni,2020-01-01,0
Makueni,2020-02-01,0
Makueni,2020-03-01,1
Makueni,2020-04-01,0
Makueni,2020-05-01,0
Makueni,2020-06-01,0
Makueni,2020-07-01,0
Makueni,2020-08-01,0
Makueni,2020-09-01,0
Makueni,2020-10-01,0
Makueni,2020-11-01,0
Makueni,2020-12-01,0
Makueni,2021-01-01,0
Makueni,2021-02-01,0
Makueni,2021-03-01,0
Makueni,2021-04-01,0
Makueni,2021-05-01,0
Makueni,2021-06-01,0
Makueni,2021-07-01,1
Makueni,2021-08-01,0
Makueni,2021-09-01,0
Makueni,2021-10-01,0
Makueni,2021-11-01,0
Makueni,2021-12-01,0
Makueni,2022-01-01,0
Makueni,2022-02-01,0
Makueni,2022-03-01,0
Makueni,2022-04-01,0
Makueni,2022-05-01,0
Makueni,2022-06-01,0
Makueni,2022-07-01,0
Makueni,2022-08-01,0
Makueni,2022-09-01,0
Makueni,2022-10-01,0
Makueni,2022-11-01,0
Makueni,2022-12-01,0
Makueni,2023-01-01,0
Makueni,2023-02-01,0
Makueni,2023-03-01,0
Makueni,2023-04-01,0
Makueni,2023-05-01,0
Makueni,2023-06-01,0
Makueni,2023-07-01,0
Makueni,2023-08-01,0
Makueni,2023-09-01,0
Makueni,2023-10-01,0
Makueni,2023-11-01,0
Makueni,2023-12-01,0
Mandera,2005-05-01,0
Mandera,2005-06-01,0
Mandera,2005-07-01,0
Mandera,2005-08-01,0
Mandera,2005-09-01,0
Mandera,2005-10-01,0
Mandera,2005-11-01,0
Mandera,2005-12-01,0
Mandera,2006-01-01,0
Mandera,2006-02-01,0
Mandera,2006-03-01,0
Mandera,2006-04-01,0
Mandera,2006-05-01,0
Mandera,2006-06-01,0
Mandera,2006-07-01,0
Mandera,2006-08-01,0
Mandera,2006-09-01,0
Mandera,2006-10-01,0
Mandera,2006-11-01,0
Mandera,2006-12-01,0
Mandera,2007-01-01,0
Mandera,2007-02-01,0
Mandera,2007-03-01,0
Mandera,2007-04-01,0
Mandera,2007-05-01,0
Mandera,2007-06-01,0
Mandera,2007-07-01,0
Mandera,2007-08-01,0
Mandera,2007-09-01,0
Mandera,2007-10-01,0
Mandera,2007-11-01,0
Mandera,2007-12-01,0
Mandera,2008-01-01,0
Mandera,2008-02-01,0
Mandera,2008-03-01,0
Mandera,2008-04-01,0
Mandera,2008-05-01,0
Mandera,2008-06-01,0
Mandera,2008-07-01,0
Mandera,2008-08-01,0
Mandera,2008-09-01,0
Mandera,2008-10-01,0
Mandera,2008-11-01,0
Mandera,2008-12-01,0
Mandera,2009-01-01,0
Mandera,2009-02-01,0
Mandera,2009-03-01,0
Mandera,2009-04-01,0
Mandera,2009-05-01,0
Mandera,2009-06-01,0
Mandera,2009-07-01,0
Mandera,2009-08-01,0
Mandera,2009-09-01,0
Mandera,2009-10-01,0
Mandera,2009-11-01,0
Mandera,2009-12-01,0
Mandera,2010-01-01,0
Mandera,2010-02-01,0
Mandera,2010-03-01,0
Mandera,2010-04-01,0
Mandera,2010-05-01,0
Mandera,2010-06-01,0
Mandera,2010-07-01,0
Mandera,2010-08-01,0
Mandera,2010-09-01,0
Mandera,2010-10-01,0
Mandera,2010-11-01,0
Mandera,2010-12-01,0
Mandera,2011-01-01,0
Mandera,2011-02-01,0
Mandera,2011-03-01,0
Mandera,2011-04-01,0
Mandera,2011-05-01,0
Mandera,2011-06-01,0
Mandera,2011-07-01,0
Mandera,2011-08-01,0
Mandera,2011-09-01,0
Mandera,2011-10-01,0
Mandera,2011-11-01,0
Mandera,2011-12-01,0
Mandera,2012-01-01,0
Mandera,2012-02-01,0
Mandera,2012-03-01,0
Mandera,2012-04-01,0
Mandera,2012-05-01,0
Mandera,2012-06-01,0
Mandera,2012-07-01,0
Mandera,2012-08-01,0
Mandera,2012-09-01,0
Mandera,2012-10-01,0
Mandera,2012-11-01,0
Mandera,2012-12-01,0
Mandera,2013-01-01,0
Mandera,2013-02-01,0
Mandera,2013-03-01,0
Mandera,2013-04-01,0
Mandera,2013-05-01,0
Mandera,2013-06-01,0
Mandera,2013-07-01,0
Mandera,2013-08-01,0
Mandera,2013-09-01,0
Mandera,2013-10-01,0
Mandera,2013-11-01,0
Mandera,2013-12-01,0
Mandera,2014-01-01,0
Mandera,2014-02-01,0
Mandera,2014-03-01,0
Mandera,2014-04-01,0
Mandera,2014-05-01,0
Mandera,2014-06-01,0
Mandera,2014-07-01,0
Mandera,2014-08-01,0
Mandera,2014-09-01,0
Mandera,2014-10-01,0
Mandera,2014-11-01,0
Mandera,2014-12-01,0
Mandera,2015-01-01,0
Mandera,2015-02-01,0
Mandera,2015-03-01,0
Mandera,2015-04-01,0
Mandera,2015-05-01,0
Mandera,2015-06-01,0
Mandera,2015-07-01,0
Mandera,2015-08-01,0
Mandera,2015-09-01,0
Mandera,2015-10-01,0
Mandera,2015-11-01,0
Mandera,2015-12-01,0
Mandera,2016-01-01,0
Mandera,2016-02-01,0
Mandera,2016-03-01,0
Mandera,2016-04-01,0
Mandera,2016-05-01,0
Mandera,2016-06-01,0
Mandera,2016-07-01,0
Mandera,2016-08-01,0
Mandera,2016-09-01,0
Mandera,2016-10-01,0
Mandera,2016-11-01,0
Mandera,2016-12-01,0
Mandera,2017-01-01,0
Mandera,2017-02-01,0
Mandera,2017-03-01,0
Mandera,2017-04-01,0
Mandera,2017-05-01,0
Mandera,2017-06-01,0
Mandera,2017-07-01,0
Mandera,2017-08-01,0
Mandera,2017-09-01,0
Mandera,2017-10-01,0
Mandera,2017-11-01,0
Mandera,2017-12-01,0
Mandera,2018-01-01,0
Mandera,2018-02-01,0
Mandera,2018-03-01,0
Mandera,2018-04-01,0
Mandera,2018-05-01,0
Mandera,2018-06-01,0
Mandera,2018-07-01,1
Mandera,2018-08-01,0
Mandera,2018-09-01,0
Mandera,2018-10-01,0
Mandera,2018-11-01,0
Mandera,2018-12-01,0
Mandera,2019-01-01,0
Mandera,2019-02-01,0
Mandera,2019-03-01,0
Mandera,2019-04-01,0
Mandera,2019-05-01,0
Mandera,2019-06-01,0
Mandera,2019-07-01,1
Mandera,2019-08-01,0
Mandera,2019-09-01,0
Mandera,2019-10-01,0
Mandera,2019-11-01,0
Mandera,2019-12-01,0
Mandera,2020-01-01,0
Mandera,2020-02-01,0
Mandera,2020-03-01,0
Mandera,2020-04-01,0
Mandera,2020-05-01,0
Mandera,2020-06-01,0
Mandera,2020-07-01,0
Mandera,2020-08-01,0
Mandera,2020-09-01,0
Mandera,2020-10-01,0
Mandera,2020-11-01,0
Mandera,2020-12-01,0
Mandera,2021-01-01,0
Mandera,2021-02-01,0
Mandera,2021-03-01,0
Mandera,2021-04-01,0
Mandera,2021-05-01,0
Mandera,2021-06-01,0
Mandera,2021-07-01,0
Mandera,2021-08-01,0
Mandera,2021-09-01,0
Mandera,2021-10-01,0
Mandera,2021-11-01,0
Mandera,2021-12-01,0
Mandera,2022-01-01,0
Mandera,2022-02-01,0
Mandera,2022-03-01,0
Mandera,2022-04-01,0
Mandera,2022-05-01,0
Mandera,2022-06-01,0
Mandera,2022-07-01,0
Mandera,2022-08-01,0
Mandera,2022-09-01,0
Mandera,2022-10-01,0
Mandera,2022-11-01,0
Mandera,2022-12-01,0
Mandera,2023-01-01,0
Mandera,2023-02-01,0
Mandera,2023-03-01,0
Mandera,2023-04-01,0
Mandera,2023-05-01,0
Mandera,2023-06-01,0
Mandera,2023-07-01,0
Mandera,2023-08-01,0
Mandera,2023-09-01,0
Mandera,2023-10-01,0
Mandera,2023-11-01,0
Mandera,2023-12-01,0
Marsabit,2005-05-01,0
Marsabit,2005-06-01,0
Marsabit,2005-07-01,0
Marsabit,2005-08-01,0
Marsabit,2005-09-01,0
Marsabit,2005-10-01,0
Marsabit,2005-11-01,0
Marsabit,2005-12-01,0
Marsabit,2006-01-01,0
Marsabit,2006-02-01,0
Marsabit,2006-03-01,0
Marsabit,2006-04-01,0
Marsabit,2006-05-01,0
Marsabit,2006-06-01,0
Marsabit,2006-07-01,0
Marsabit,2006-08-01,0
Marsabit,2006-09-01,0
Marsabit,2006-10-01,0
Marsabit,2006-11-01,0
Marsabit,2006-12-01,0
Marsabit,2007-01-01,0
Marsabit,2007-02-01,0
Marsabit,2007-03-01,0
Marsabit,2007-04-01,0
Marsabit,2007-05-01,0
Marsabit,2007-06-01,0
Marsabit,2007-07-01,0
Marsabit,2007-08-01,0
Marsabit,2007-09-01,0
Marsabit,2007-10-01,0
Marsabit,2007-11-01,0
Marsabit,2007-12-01,0
Marsabit,2008-01-01,0
Marsabit,2008-02-01,0
Marsabit,2008-03-01,0
Marsabit,2008-04-01,0
Marsabit,2008-05-01,0
Marsabit,2008-06-01,0
Marsabit,2008-07-01,0
Marsabit,2008-08-01,0
Marsabit,2008-09-01,0
Marsabit,2008-10-01,0
Marsabit,2008-11-01,0
Marsabit,2008-12-01,0
Marsabit,2009-01-01,0
Marsabit,2009-02-01,0
Marsabit,2009-03-01,0
Marsabit,2009-04-01,0
Marsabit,2009-05-01,0
Marsabit,2009-06-01,0
Marsabit,2009-07-01,0
Marsabit,2009-08-01,0
Marsabit,2009-09-01,0
Marsabit,2009-10-01,0
Marsabit,2009-11-01,0
Marsabit,2009-12-01,0
Marsabit,2010-01-01,0
Marsabit,2010-02-01,0
Marsabit,2010-03-01,0
Marsabit,2010-04-01,0
Marsabit,2010-05-01,0
Marsabit,2010-06-01,0
Marsabit,2010-07-01,0
Marsabit,2010-08-01,0
Marsabit,2010-09-01,0
Marsabit,2010-10-01,0
Marsabit,2010-11-01,0
Marsabit,2010-12-01,0
Marsabit,2011-01-01,0
Marsabit,2011-02-01,0
Marsabit,2011-03-01,0
Marsabit,2011-04-01,0
Marsabit,2011-05-01,0
Marsabit,2011-06-01,0
Marsabit,2011-07-01,0
Marsabit,2011-08-01,0
Marsabit,2011-09-01,0
Marsabit,2011-10-01,0
Marsabit,2011-11-01,0
Marsabit,2011-12-01,0
Marsabit,2012-01-01,0
Marsabit,2012-02-01,0
Marsabit,2012-03-01,0
Marsabit,2012-04-01,0
Marsabit,2012-05-01,0
Marsabit,2012-06-01,0
Marsabit,2012-07-01,0
Marsabit,2012-08-01,0
Marsabit,2012-09-01,0
Marsabit,2012-10-01,0
Marsabit,2012-11-01,0
Marsabit,2012-12-01,0
Marsabit,2013-01-01,0
Marsabit,2013-02-01,0
Marsabit,2013-03-01,0
Marsabit,2013-04-01,0
Marsabit,2013-05-01,0
Marsabit,2013-06-01,0
Marsabit,2013-07-01,0
Marsabit,2013-08-01,0
Marsabit,2013-09-01,0
Marsabit,2013-10-01,0
Marsabit,2013-11-01,0
Marsabit,2013-12-01,0
Marsabit,2014-01-01,0
Marsabit,2014-02-01,0
Marsabit,2014-03-01,0
Marsabit,2014-04-01,0
Marsabit,2014-05-01,0
Marsabit,2014-06-01,0
Marsabit,2014-07-01,0
Marsabit,2014-08-01,0
Marsabit,2014-09-01,0
Marsabit,2014-10-01,0
Marsabit,2014-11-01,0
Marsabit,2014-12-01,0
Marsabit,2015-01-01,0
Marsabit,2015-02-01,0
Marsabit,2015-03-01,0
Marsabit,2015-04-01,0
Marsabit,2015-05-01,0
Marsabit,2015-06-01,0
Marsabit,2015-07-01,0
Marsabit,2015-08-01,0
Marsabit,2015-09-01,0
Marsabit,2015-10-01,0
Marsabit,2015-11-01,0
Marsabit,2015-12-01,0
Marsabit,2016-01-01,0
Marsabit,2016-02-01,0
Marsabit,2016-03-01,0
Marsabit,2016-04-01,0
Marsabit,2016-05-01,0
Marsabit,2016-06-01,0
Marsabit,2016-07-01,0
Marsabit,2016-08-01,0
Marsabit,2016-09-01,0
Marsabit,2016-10-01,0
Marsabit,2016-11-01,0
Marsabit,2016-12-01,0
Marsabit,2017-01-01,0
Marsabit,2017-02-01,0
Marsabit,2017-03-01,0
Marsabit,2017-04-01,0
Marsabit,2017-05-01,0
Marsabit,2017-06-01,0
Marsabit,2017-07-01,0
Marsabit,2017-08-01,0
Marsabit,2017-09-01,0
Marsabit,2017-10-01,0
Marsabit,2017-11-01,0
Marsabit,2017-12-01,0
Marsabit,2018-01-01,0
Marsabit,2018-02-01,0
Marsabit,2018-03-01,0
Marsabit,2018-04-01,0
Marsabit,2018-05-01,0
Marsabit,2018-06-01,0
Marsabit,2018-07-01,0
Marsabit,2018-08-01,0
Marsabit,2018-09-01,0
Marsabit,2018-10-01,0
Marsabit,2018-11-01,0
Marsabit,2018-12-01,0
Marsabit,2019-01-01,0
Marsabit,2019-02-01,0
Marsabit,2019-03-01,0
Marsabit,2019-04-01,0
Marsabit,2019-05-01,0
Marsabit,2019-06-01,0
Marsabit,2019-07-01,0
Marsabit,2019-08-01,0
Marsabit,2019-09-01,0
Marsabit,2019-10-01,0
Marsabit,2019-11-01,0
Marsabit,2019-12-01,0
Marsabit,2020-01-01,0
Marsabit,2020-02-01,0
Marsabit,2020-03-01,0
Marsabit,2020-04-01,0
Marsabit,2020-05-01,0
Marsabit,2020-06-01,0
Marsabit,2020-07-01,0
Marsabit,2020-08-01,0
Marsabit,2020-09-01,0
Marsabit,2020-10-01,0
Marsabit,2020-11-01,0
Marsabit,2020-12-01,0
Marsabit,2021-01-01,0
Marsabit,2021-02-01,0
Marsabit,2021-03-01,0
Marsabit,2021-04-01,0
Marsabit,2021-05-01,0
Marsabit,2021-06-01,0
Marsabit,2021-07-01,0
Marsabit,2021-08-01,0
Marsabit,2021-09-01,0
Marsabit,2021-10-01,0
Marsabit,2021-11-01,0
Marsabit,2021-12-01,0
Marsabit,2022-01-01,0
Marsabit,2022-02-01,0
Marsabit,2022-03-01,0
Marsabit,2022-04-01,0
Marsabit,2022-05-01,0
Marsabit,2022-06-01,0
Marsabit,2022-07-01,0
Marsabit,2022-08-01,0
Marsabit,2022-09-01,0
Marsabit,2022-10-01,0
Marsabit,2022-11-01,0
Marsabit,2022-12-01,0
Marsabit,2023-01-01,0
Marsabit,2023-02-01,0
Marsabit,2023-03-01,0
Marsabit,2023-04-01,0
Marsabit,2023-05-01,0
Marsabit,2023-06-01,0
Marsabit,2023-07-01,0
Marsabit,2023-08-01,0
Marsabit,2023-09-01,0
Marsabit,2023-10-01,1
Marsabit,2023-11-01,0
Marsabit,2023-12-01,0
Meru,2005-05-01,1
Meru,2005-06-01,0
Meru,2005-07-01,0
Meru,2005-08-01,0
Meru,2005-09-01,0
Meru,2005-10-01,0
Meru,2005-11-01,0
Meru,2005-12-01,0
Meru,2006-01-01,0
Meru,2006-02-01,0
Meru,2006-03-01,0
Meru,2006-04-01,0
Meru,2006-05-01,0
Meru,2006-06-01,0
Meru,2006-07-01,0
Meru,2006-08-01,0
Meru,2006-09-01,0
Meru,2006-10-01,0
Meru,2006-11-01,0
Meru,2006-12-01,0
Meru,2007-01-01,0
Meru,2007-02-01,0
Meru,2007-03-01,0
Meru,2007-04-01,0
Meru,2007-05-01,0
Meru,2007-06-01,0
Meru,2007-07-01,0
Meru,2007-08-01,0
Meru,2007-09-01,0
Meru,2007-10-01,0
Meru,2007-11-01,0
Meru,2007-12-01,0
Meru,2008-01-01,0
Meru,2008-02-01,0
Meru,2008-03-01,0
Meru,2008-04-01,0
Meru,2008-05-01,0
Meru,2008-06-01,0
Meru,2008-07-01,0
Meru,2008-08-01,0
Meru,2008-09-01,0
Meru,2008-10-01,0
Meru,2008-11-01,0
Meru,2008-12-01,0
Meru,2009-01-01,0
Meru,2009-02-01,0
Meru,2009-03-01,0
Meru,2009-04-01,0
Meru,2009-05-01,0
Meru,2009-06-01,0
Meru,2009-07-01,0
Meru,2009-08-01,0
Meru,2009-09-01,0
Meru,2009-10-01,0
Meru,2009-11-01,0
Meru,2009-12-01,0
Meru,2010-01-01,0
Meru,2010-02-01,0
Meru,2010-03-01,0
Meru,2010-04-01,0
Meru,2010-05-01,0
Meru,2010-06-01,0
Meru,2010-07-01,0
Meru,2010-08-01,0
Meru,2010-09-01,0
Meru,2010-10-01,0
Meru,2010-11-01,0
Meru,2010-12-01,0
Meru,2011-01-01,0
Meru,2011-02-01,0
Meru,2011-03-01,0
Meru,2011-04-01,0
Meru,2011-05-01,0
Meru,2011-06-01,0
Meru,2011-07-01,0
Meru,2011-08-01,0
Meru,2011-09-01,0
Meru,2011-10-01,0
Meru,2011-11-01,0
Meru,2011-12-01,0
Meru,2012-01-01,0
Meru,2012-02-01,0
Meru,2012-03-01,0
Meru,2012-04-01,0
Meru,2012-05-01,0
Meru,2012-06-01,0
Meru,2012-07-01,0
Meru,2012-08-01,0
Meru,2012-09-01,0
Meru,2012-10-01,0
Meru,2012-11-01,0
Meru,2012-12-01,0
Meru,2013-01-01,0
Meru,2013-02-01,0
Meru,2013-03-01,0
Meru,2013-04-01,0
Meru,2013-05-01,0
Meru,2013-06-01,0
Meru,2013-07-01,0
Meru,2013-08-01,0
Meru,2013-09-01,0
Meru,2013-10-01,0
Meru,2013-11-01,0
Meru,2013-12-01,0
Meru,2014-01-01,0
Meru,2014-02-01,0
Meru,2014-03-01,0
Meru,2014-04-01,0
Meru,2014-05-01,0
Meru,2014-06-01,0
Meru,2014-07-01,0
Meru,2014-08-01,0
Meru,2014-09-01,0
Meru,2014-10-01,0
Meru,2014-11-01,0
Meru,2014-12-01,0
Meru,2015-01-01,0
Meru,2015-02-01,0
Meru,2015-03-01,0
Meru,2015-04-01,0
Meru,2015-05-01,0
Meru,2015-06-01,0
Meru,2015-07-01,0
Meru,2015-08-01,0
Meru,2015-09-01,0
Meru,2015-10-01,0
Meru,2015-11-01,0
Meru,2015-12-01,0
Meru,2016-01-01,0
Meru,2016-02-01,0
Meru,2016-03-01,0
Meru,2016-04-01,0
Meru,2016-05-01,0
Meru,2016-06-01,0
Meru,2016-07-01,0
Meru,2016-08-01,0
Meru,2016-09-01,0
Meru,2016-10-01,0
Meru,2016-11-01,0
Meru,2016-12-01,0
Meru,2017-01-01,0
Meru,2017-02-01,0
Meru,2017-03-01,0
Meru,2017-04-01,0
Meru,2017-05-01,0
Meru,2017-06-01,0
Meru,2017-07-01,0
Meru,2017-08-01,0
Meru,2017-09-01,0
Meru,2017-10-01,0
Meru,2017-11-01,0
Meru,2017-12-01,1
Meru,2018-01-01,0
Meru,2018-02-01,0
Meru,2018-03-01,0
Meru,2018-04-01,0
Meru,2018-05-01,0
Meru,2018-06-01,1
Meru,2018-07-01,1
Meru,2018-08-01,0
Meru,2018-09-01,0
Meru,2018-10-01,0
Meru,2018-11-01,0
Meru,2018-12-01,0
Meru,2019-01-01,0
Meru,2019-02-01,0
Meru,2019-03-01,0
Meru,2019-04-01,1
Meru,2019-05-01,1
Meru,2019-06-01,1
Meru,2019-07-01,0
Meru,2019-08-01,0
Meru,2019-09-01,1
Meru,2019-10-01,0
Meru,2019-11-01,0
Meru,2019-12-01,0
Meru,2020-01-01,0
Meru,2020-02-01,0
Meru,2020-03-01,0
Meru,2020-04-01,0
Meru,2020-05-01,0
Meru,2020-06-01,0
Meru,2020-07-01,1
Meru,2020-08-01,0
Meru,2020-09-01,0
Meru,2020-10-01,0
Meru,2020-11-01,0
Meru,2020-12-01,0
Meru,2021-01-01,0
Meru,2021-02-01,0
Meru,2021-03-01,0
Meru,2021-04-01,0
Meru,2021-05-01,0
Meru,2021-06-01,0
Meru,2021-07-01,0
Meru,2021-08-01,0
Meru,2021-09-01,0
Meru,2021-10-01,0
Meru,2021-11-01,0
Meru,2021-12-01,0
Meru,2022-01-01,0
Meru,2022-02-01,0
Meru,2022-03-01,0
Meru,2022-04-01,0
Meru,2022-05-01,0
Meru,2022-06-01,0
Meru,2022-07-01,1
Meru,2022-08-01,0
Meru,2022-09-01,0
Meru,2022-10-01,0
Meru,2022-11-01,0
Meru,2022-12-01,0
Meru,2023-01-01,1
Meru,2023-02-01,0
Meru,2023-03-01,2
Meru,2023-04-01,0
Meru,2023-05-01,0
Meru,2023-06-01,0
Meru,2023-07-01,1
Meru,2023-08-01,0
Meru,2023-09-01,1
Meru,2023-10-01,0
Meru,2023-11-01,0
Meru,2023-12-01,0
Migori,2005-05-01,0
Migori,2005-06-01,0
Migori,2005-07-01,0
Migori,2005-08-01,0
Migori,2005-09-01,0
Migori,2005-10-01,0
Migori,2005-11-01,0
Migori,2005-12-01,0
Migori,2006-01-01,0
Migori,2006-02-01,0
Migori,2006-03-01,0
Migori,2006-04-01,0
Migori,2006-05-01,0
Migori,2006-06-01,0
Migori,2006-07-01,0
Migori,2006-08-01,0
Migori,2006-09-01,0
Migori,2006-10-01,0
Migori,2006-11-01,0
Migori,2006-12-01,0
Migori,2007-01-01,0
Migori,2007-02-01,0
Migori,2007-03-01,0
Migori,2007-04-01,0
Migori,2007-05-01,0
Migori,2007-06-01,0
Migori,2007-07-01,0
Migori,2007-08-01,0
Migori,2007-09-01,0
Migori,2007-10-01,0
Migori,2007-11-01,0
Migori,2007-12-01,0
Migori,2008-01-01,0
Migori,2008-02-01,0
Migori,2008-03-01,0
Migori,2008-04-01,0
Migori,2008-05-01,0
Migori,2008-06-01,0
Migori,2008-07-01,0
Migori,2008-08-01,0
Migori,2008-09-01,0
Migori,2008-10-01,0
Migori,2008-11-01,0
Migori,2008-12-01,0
Migori,2009-01-01,0
Migori,2009-02-01,0
Migori,2009-03-01,0
Migori,2009-04-01,0
Migori,2009-05-01,0
Migori,2009-06-01,0
Migori,2009-07-01,0
Migori,2009-08-01,0
Migori,2009-09-01,0
Migori,2009-10-01,0
Migori,2009-11-01,0
Migori,2009-12-01,0
Migori,2010-01-01,0
Migori,2010-02-01,0
Migori,2010-03-01,0
Migori,2010-04-01,0
Migori,2010-05-01,0
Migori,2010-06-01,0
Migori,2010-07-01,0
Migori,2010-08-01,0
Migori,2010-09-01,0
Migori,2010-10-01,0
Migori,2010-11-01,0
Migori,2010-12-01,0
Migori,2011-01-01,0
Migori,2011-02-01,0
Migori,2011-03-01,0
Migori,2011-04-01,0
Migori,2011-05-01,0
Migori,2011-06-01,0
Migori,2011-07-01,0
Migori,2011-08-01,0
Migori,2011-09-01,0
Migori,2011-10-01,0
Migori,2011-11-01,0
Migori,2011-12-01,0
Migori,2012-01-01,0
Migori,2012-02-01,0
Migori,2012-03-01,0
Migori,2012-04-01,0
Migori,2012-05-01,0
Migori,2012-06-01,0
Migori,2012-07-01,0
Migori,2012-08-01,0
Migori,2012-09-01,0
Migori,2012-10-01,0
Migori,2012-11-01,0
Migori,2012-12-01,0
Migori,2013-01-01,0
Migori,2013-02-01,0
Migori,2013-03-01,0
Migori,2013-04-01,0
Migori,2013-05-01,0
Migori,2013-06-01,0
Migori,2013-07-01,0
Migori,2013-08-01,0
Migori,2013-09-01,0
Migori,2013-10-01,0
Migori,2013-11-01,0
Migori,2013-12-01,0
Migori,2014-01-01,0
Migori,2014-02-01,0
Migori,2014-03-01,0
Migori,2014-04-01,0
Migori,2014-05-01,0
Migori,2014-06-01,0
Migori,2014-07-01,0
Migori,2014-08-01,0
Migori,2014-09-01,1
Migori,2014-10-01,0
Migori,2014-11-01,0
Migori,2014-12-01,0
Migori,2015-01-01,0
Migori,2015-02-01,0
Migori,2015-03-01,0
Migori,2015-04-01,0
Migori,2015-05-01,0
Migori,2015-06-01,0
Migori,2015-07-01,0
Migori,2015-08-01,0
Migori,2015-09-01,0
Migori,2015-10-01,0
Migori,2015-11-01,0
Migori,2015-12-01,0
Migori,2016-01-01,0
Migori,2016-02-01,0
Migori,2016-03-01,0
Migori,2016-04-01,0
Migori,2016-05-01,0
Migori,2016-06-01,0
Migori,2016-07-01,0
Migori,2016-08-01,0
Migori,2016-09-01,0
Migori,2016-10-01,0
Migori,2016-11-01,0
Migori,2016-12-01,0
Migori,2017-01-01,0
Migori,2017-02-01,0
Migori,2017-03-01,0
Migori,2017-04-01,0
Migori,2017-05-01,0
Migori,2017-06-01,0
Migori,2017-07-01,0
Migori,2017-08-01,0
Migori,2017-09-01,0
Migori,2017-10-01,0
Migori,2017-11-01,0
Migori,2017-12-01,0
Migori,2018-01-01,0
Migori,2018-02-01,0
Migori,2018-03-01,0
Migori,2018-04-01,0
Migori,2018-05-01,0
Migori,2018-06-01,0
Migori,2018-07-01,0
Migori,2018-08-01,0
Migori,2018-09-01,1
Migori,2018-10-01,0
Migori,2018-11-01,0
Migori,2018-12-01,0
Migori,2019-01-01,0
Migori,2019-02-01,1
Migori,2019-03-01,0
Migori,2019-04-01,0
Migori,2019-05-01,0
Migori,2019-06-01,0
Migori,2019-07-01,0
Migori,2019-08-01,0
Migori,2019-09-01,0
Migori,2019-10-01,0
Migori,2019-11-01,0
Migori,2019-12-01,0
Migori,2020-01-01,0
Migori,2020-02-01,0
Migori,2020-03-01,0
Migori,2020-04-01,0
Migori,2020-05-01,0
Migori,2020-06-01,0
Migori,2020-07-01,0
Migori,2020-08-01,0
Migori,2020-09-01,0
Migori,2020-10-01,0
Migori,2020-11-01,0
Migori,2020-12-01,0
Migori,2021-01-01,0
Migori,2021-02-01,0
Migori,2021-03-01,0
Migori,2021-04-01,0
Migori,2021-05-01,0
Migori,2021-06-01,0
Migori,2021-07-01,0
Migori,2021-08-01,0
Migori,2021-09-01,0
Migori,2021-10-01,0
Migori,2021-11-01,0
Migori,2021-12-01,0
Migori,2022-01-01,1
Migori,2022-02-01,1
Migori,2022-03-01,0
Migori,2022-04-01,0
Migori,2022-05-01,0
Migori,2022-06-01,0
Migori,2022-07-01,0
Migori,2022-08-01,0
Migori,2022-09-01,0
Migori,2022-10-01,0
Migori,2022-11-01,0
Migori,2022-12-01,0
Migori,2023-01-01,0
Migori,2023-02-01,0
Migori,2023-03-01,0
Migori,2023-04-01,0
Migori,2023-05-01,0
Migori,2023-06-01,1
Migori,2023-07-01,0
Migori,2023-08-01,0
Migori,2023-09-01,0
Migori,2023-10-01,0
Migori,2023-11-01,0
Migori,2023-12-01,0
Mombasa,2005-05-01,0
Mombasa,2005-06-01,0
Mombasa,2005-07-01,0
Mombasa,2005-08-01,0
Mombasa,2005-09-01,0
Mombasa,2005-10-01,0
Mombasa,2005-11-01,0
Mombasa,2005-12-01,0
Mombasa,2006-01-01,0
Mombasa,2006-02-01,0
Mombasa,2006-03-01,0
Mombasa,2006-04-01,0
Mombasa,2006-05-01,0
Mombasa,2006-06-01,0
Mombasa,2006-07-01,0
Mombasa,2006-08-01,0
Mombasa,2006-09-01,0
Mombasa,2006-10-01,0
Mombasa,2006-11-01,0
Mombasa,2006-12-01,0
Mombasa,2007-01-01,0
Mombasa,2007-02-01,0
Mombasa,2007-03-01,0
Mombasa,2007-04-01,0
Mombasa,2007-05-01,0
Mombasa,2007-06-01,0
Mombasa,2007-07-01,0
Mombasa,2007-08-01,0
Mombasa,2007-09-01,0
Mombasa,2007-10-01,0
Mombasa,2007-11-01,0
Mombasa,2007-12-01,0
Mombasa,2008-01-01,0
Mombasa,2008-02-01,0
Mombasa,2008-03-01,0
Mombasa,2008-04-01,0
Mombasa,2008-05-01,0
Mombasa,2008-06-01,0
Mombasa,2008-07-01,0
Mombasa,2008-08-01,0
Mombasa,2008-09-01,0
Mombasa,2008-10-01,0
Mombasa,2008-11-01,0
Mombasa,2008-12-01,0
Mombasa,2009-01-01,0
Mombasa,2009-02-01,0
Mombasa,2009-03-01,0
Mombasa,2009-04-01,0
Mombasa,2009-05-01,0
Mombasa,2009-06-01,0
Mombasa,2009-07-01,0
Mombasa,2009-08-01,0
Mombasa,2009-09-01,0
Mombasa,2009-10-01,0
Mombasa,2009-11-01,0
Mombasa,2009-12-01,0
Mombasa,2010-01-01,0
Mombasa,2010-02-01,0
Mombasa,2010-03-01,0
Mombasa,2010-04-01,0
Mombasa,2010-05-01,0
Mombasa,2010-06-01,0
Mombasa,2010-07-01,0
Mombasa,2010-08-01,0
Mombasa,2010-09-01,0
Mombasa,2010-10-01,0
Mombasa,2010-11-01,0
Mombasa,2010-12-01,0
Mombasa,2011-01-01,0
Mombasa,2011-02-01,0
Mombasa,2011-03-01,0
Mombasa,2011-04-01,0
Mombasa,2011-05-01,0
Mombasa,2011-06-01,0
Mombasa,2011-07-01,0
Mombasa,2011-08-01,0
Mombasa,2011-09-01,0
Mombasa,2011-10-01,0
Mombasa,2011-11-01,0
Mombasa,2011-12-01,0
Mombasa,2012-01-01,0
Mombasa,2012-02-01,0
Mombasa,2012-03-01,0
Mombasa,2012-04-01,0
Mombasa,2012-05-01,0
Mombasa,2012-06-01,0
Mombasa,2012-07-01,0
Mombasa,2012-08-01,0
Mombasa,2012-09-01,0
Mombasa,2012-10-01,0
Mombasa,2012-11-01,0
Mombasa,2012-12-01,0
Mombasa,2013-01-01,0
Mombasa,2013-02-01,0
Mombasa,2013-03-01,0
Mombasa,2013-04-01,0
Mombasa,2013-05-01,0
Mombasa,2013-06-01,0
Mombasa,2013-07-01,0
Mombasa,2013-08-01,0
Mombasa,2013-09-01,0
Mombasa,2013-10-01,0
Mombasa,2013-11-01,0
Mombasa,2013-12-01,0
Mombasa,2014-01-01,0
Mombasa,2014-02-01,0
Mombasa,2014-03-01,0
Mombasa,2014-04-01,0
Mombasa,2014-05-01,0
Mombasa,2014-06-01,0
Mombasa,2014-07-01,0
Mombasa,2014-08-01,0
Mombasa,2014-09-01,0
Mombasa,2014-10-01,0
Mombasa,2014-11-01,0
Mombasa,2014-12-01,0
Mombasa,2015-01-01,0
Mombasa,2015-02-01,0
Mombasa,2015-03-01,0
Mombasa,2015-04-01,0
Mombasa,2015-05-01,0
Mombasa,2015-06-01,0
Mombasa,2015-07-01,0
Mombasa,2015-08-01,0
Mombasa,2015-09-01,0
Mombasa,2015-10-01,0
Mombasa,2015-11-01,0
Mombasa,2015-12-01,0
Mombasa,2016-01-01,0
Mombasa,2016-02-01,0
Mombasa,2016-03-01,0
Mombasa,2016-04-01,0
Mombasa,2016-05-01,0
Mombasa,2016-06-01,0
Mombasa,2016-07-01,0
Mombasa,2016-08-01,0
Mombasa,2016-09-01,0
Mombasa,2016-10-01,0
Mombasa,2016-11-01,0
Mombasa,2016-12-01,0
Mombasa,2017-01-01,0
Mombasa,2017-02-01,0
Mombasa,2017-03-01,1
Mombasa,2017-04-01,0
Mombasa,2017-05-01,0
Mombasa,2017-06-01,0
Mombasa,2017-07-01,0
Mombasa,2017-08-01,0
Mombasa,2017-09-01,0
Mombasa,2017-10-01,0
Mombasa,2017-11-01,0
Mombasa,2017-12-01,0
Mombasa,2018-01-01,0
Mombasa,2018-02-01,0
Mombasa,2018-03-01,0
Mombasa,2018-04-01,0
Mombasa,2018-05-01,0
Mombasa,2018-06-01,0
Mombasa,2018-07-01,0
Mombasa,2018-08-01,0
Mombasa,2018-09-01,0
Mombasa,2018-10-01,0
Mombasa,2018-11-01,0
Mombasa,2018-12-01,0
Mombasa,2019-01-01,0
Mombasa,2019-02-01,0
Mombasa,2019-03-01,0
Mombasa,2019-04-01,1
Mombasa,2019-05-01,0
Mombasa,2019-06-01,0
Mombasa,2019-07-01,0
Mombasa,2019-08-01,0
Mombasa,2019-09-01,1
Mombasa,2019-10-01,0
Mombasa,2019-11-01,0
Mombasa,2019-12-01,0
Mombasa,2020-01-01,2
Mombasa,2020-02-01,0
Mombasa,2020-03-01,0
Mombasa,2020-04-01,0
Mombasa,2020-05-01,0
Mombasa,2020-06-01,0
Mombasa,2020-07-01,0
Mombasa,2020-08-01,0
Mombasa,2020-09-01,0
Mombasa,2020-10-01,0
Mombasa,2020-11-01,0
Mombasa,2020-12-01,0
Mombasa,2021-01-01,0
Mombasa,2021-02-01,0
Mombasa,2021-03-01,0
Mombasa,2021-04-01,0
Mombasa,2021-05-01,0
Mombasa,2021-06-01,0
Mombasa,2021-07-01,0
Mombasa,2021-08-01,0
Mombasa,2021-09-01,0
Mombasa,2021-10-01,0
Mombasa,2021-11-01,0
Mombasa,2021-12-01,0
Mombasa,2022-01-01,0
Mombasa,2022-02-01,0
Mombasa,2022-03-01,0
Mombasa,2022-04-01,0
Mombasa,2022-05-01,0
Mombasa,2022-06-01,0
Mombasa,2022-07-01,0
Mombasa,2022-08-01,0
Mombasa,2022-09-01,0
Mombasa,2022-10-01,0
Mombasa,2022-11-01,0
Mombasa,2022-12-01,1
Mombasa,2023-01-01,1
Mombasa,2023-02-01,2
Mombasa,2023-03-01,0
Mombasa,2023-04-01,0
Mombasa,2023-05-01,0
Mombasa,2023-06-01,0
Mombasa,2023-07-01,0
Mombasa,2023-08-01,0
Mombasa,2023-09-01,0
Mombasa,2023-10-01,0
Mombasa,2023-11-01,0
Mombasa,2023-12-01,0
Murang'a,2005-05-01,0
Murang'a,2005-06-01,0
Murang'a,2005-07-01,0
Murang'a,2005-08-01,0
Murang'a,2005-09-01,0
Murang'a,2005-10-01,0
Murang'a,2005-11-01,0
Murang'a,2005-12-01,0
Murang'a,2006-01-01,0
Murang'a,2006-02-01,0
Murang'a,2006-03-01,0
Murang'a,2006-04-01,0
Murang'a,2006-05-01,0
Murang'a,2006-06-01,0
Murang'a,2006-07-01,0
Murang'a,2006-08-01,0
Murang'a,2006-09-01,0
Murang'a,2006-10-01,0
Murang'a,2006-11-01,0
Murang'a,2006-12-01,0
Murang'a,2007-01-01,0
Murang'a,2007-02-01,0
Murang'a,2007-03-01,0
Murang'a,2007-04-01,0
Murang'a,2007-05-01,0
Murang'a,2007-06-01,0
Murang'a,2007-07-01,0
Murang'a,2007-08-01,0
Murang'a,2007-09-01,0
Murang'a,2007-10-01,0
Murang'a,2007-11-01,0
Murang'a,2007-12-01,0
Murang'a,2008-01-01,0
Murang'a,2008-02-01,0
Murang'a,2008-03-01,0
Murang'a,2008-04-01,0
Murang'a,2008-05-01,0
Murang'a,2008-06-01,0
Murang'a,2008-07-01,0
Murang'a,2008-08-01,0
Murang'a,2008-09-01,0
Murang'a,2008-10-01,0
Murang'a,2008-11-01,0
Murang'a,2008-12-01,0
Murang'a,2009-01-01,0
Murang'a,2009-02-01,0
Murang'a,2009-03-01,0
Murang'a,2009-04-01,0
Murang'a,2009-05-01,0
Murang'a,2009-06-01,0
Murang'a,2009-07-01,0
Murang'a,2009-08-01,0
Murang'a,2009-09-01,0
Murang'a,2009-10-01,0
Murang'a,2009-11-01,0
Murang'a,2009-12-01,0
Murang'a,2010-01-01,0
Murang'a,2010-02-01,0
Murang'a,2010-03-01,0
Murang'a,2010-04-01,0
Murang'a,2010-05-01,0
Murang'a,2010-06-01,0
Murang'a,2010-07-01,0
Murang'a,2010-08-01,0
Murang'a,2010-09-01,0
Murang'a,2010-10-01,0
Murang'a,2010-11-01,0
Murang'a,2010-12-01,0
Murang'a,2011-01-01,0
Murang'a,2011-02-01,0
Murang'a,2011-03-01,0
Murang'a,2011-04-01,0
Murang'a,2011-05-01,0
Murang'a,2011-06-01,0
Murang'a,2011-07-01,0
Murang'a,2011-08-01,0
Murang'a,2011-09-01,0
Murang'a,2011-10-01,0
Murang'a,2011-11-01,0
Murang'a,2011-12-01,0
Murang'a,2012-01-01,0
Murang'a,2012-02-01,0
Murang'a,2012-03-01,0
Murang'a,2012-04-01,0
Murang'a,2012-05-01,0
Murang'a,2012-06-01,0
Murang'a,2012-07-01,0
Murang'a,2012-08-01,0
Murang'a,2012-09-01,0
Murang'a,2012-10-01,0
Murang'a,2012-11-01,0
Murang'a,2012-12-01,0
Murang'a,2013-01-01,0
Murang'a,2013-02-01,0
Murang'a,2013-03-01,0
Murang'a,2013-04-01,0
Murang'a,2013-05-01,0
Murang'a,2013-06-01,0
Murang'a,2013-07-01,0
Murang'a,2013-08-01,0
Murang'a,2013-09-01,0
Murang'a,2013-10-01,0
Murang'a,2013-11-01,0
Murang'a,2013-12-01,0
Murang'a,2014-01-01,0
Murang'a,2014-02-01,0
Murang'a,2014-03-01,0
Murang'a,2014-04-01,0
Murang'a,2014-05-01,0
Murang'a,2014-06-01,0
Murang'a,2014-07-01,0
Murang'a,2014-08-01,0
Murang'a,2014-09-01,0
Murang'a,2014-10-01,0
Murang'a,2014-11-01,0
Murang'a,2014-12-01,0
Murang'a,2015-01-01,0
Murang'a,2015-02-01,0
Murang'a,2015-03-01,0
Murang'a,2015-04-01,0
Murang'a,2015-05-01,0
Murang'a,2015-06-01,0
Murang'a,2015-07-01,0
Murang'a,2015-08-01,1
Murang'a,2015-09-01,0
Murang'a,2015-10-01,0
Murang'a,2015-11-01,0
Murang'a,2015-12-01,0
Murang'a,2016-01-01,0
Murang'a,2016-02-01,0
Murang'a,2016-03-01,0
Murang'a,2016-04-01,0
Murang'a,2016-05-01,0
Murang'a,2016-06-01,0
Murang'a,2016-07-01,0
Murang'a,2016-08-01,0
Murang'a,2016-09-01,0
Murang'a,2016-10-01,2
Murang'a,2016-11-01,0
Murang'a,2016-12-01,0
Murang'a,2017-01-01,0
Murang'a,2017-02-01,1
Murang'a,2017-03-01,2
Murang'a,2017-04-01,1
Murang'a,2017-05-01,0
Murang'a,2017-06-01,0
Murang'a,2017-07-01,0
Murang'a,2017-08-01,0
Murang'a,2017-09-01,0
Murang'a,2017-10-01,0
Murang'a,2017-11-01,0
Murang'a,2017-12-01,0
Murang'a,2018-01-01,0
Murang'a,2018-02-01,1
Murang'a,2018-03-01,0
Murang'a,2018-04-01,2
Murang'a,2018-05-01,0
Murang'a,2018-06-01,1
Murang'a,2018-07-01,0
Murang'a,2018-08-01,0
Murang'a,2018-09-01,0
Murang'a,2018-10-01,1
Murang'a,2018-11-01,0
Murang'a,2018-12-01,0
Murang'a,2019-01-01,1
Murang'a,2019-02-01,0
Murang'a,2019-03-01,0
Murang'a,2019-04-01,0
Murang'a,2019-05-01,0
Murang'a,2019-06-01,1
Murang'a,2019-07-01,0
Murang'a,2019-08-01,0
Murang'a,2019-09-01,0
Murang'a,2019-10-01,0
Murang'a,2019-11-01,0
Murang'a,2019-12-01,0
Murang'a,2020-01-01,0
Murang'a,2020-02-01,0
Murang'a,2020-03-01,0
Murang'a,2020-04-01,0
Murang'a,2020-05-01,0
Murang'a,2020-06-01,0
Murang'a,2020-07-01,0
Murang'a,2020-08-01,0
Murang'a,2020-09-01,0
Murang'a,2020-10-01,0
Murang'a,2020-11-01,0
Murang'a,2020-12-01,0
Murang'a,2021-01-01,0
Murang'a,2021-02-01,0
Murang'a,2021-03-01,0
Murang'a,2021-04-01,0
Murang'a,2021-05-01,0
Murang'a,2021-06-01,0
Murang'a,2021-07-01,0
Murang'a,2021-08-01,0
Murang'a,2021-09-01,0
Murang'a,2021-10-01,0
Murang'a,2021-11-01,1
Murang'a,2021-12-01,0
Murang'a,2022-01-01,0
Murang'a,2022-02-01,0
Murang'a,2022-03-01,0
Murang'a,2022-04-01,0
Murang'a,2022-05-01,0
Murang'a,2022-06-01,0
Murang'a,2022-07-01,0
Murang'a,2022-08-01,0
Murang'a,2022-09-01,1
Murang'a,2022-10-01,0
Murang'a,2022-11-01,0
Murang'a,2022-12-01,0
Murang'a,2023-01-01,0
Murang'a,2023-02-01,0
Murang'a,2023-03-01,0
Murang'a,2023-04-01,0
Murang'a,2023-05-01,1
Murang'a,2023-06-01,0
Murang'a,2023-07-01,0
Murang'a,2023-08-01,1
Murang'a,2023-09-01,0
Murang'a,2023-10-01,0
Murang'a,2023-11-01,1
Murang'a,2023-12-01,0
Nairobi,2005-05-01,0
Nairobi,2005-06-01,0
Nairobi,2005-07-01,0
Nairobi,2005-08-01,0
Nairobi,2005-09-01,0
Nairobi,2005-10-01,0
Nairobi,2005-11-01,0
Nairobi,2005-12-01,0
Nairobi,2006-01-01,0
Nairobi,2006-02-01,0
Nairobi,2006-03-01,0
Nairobi,2006-04-01,0
Nairobi,2006-05-01,0
Nairobi,2006-06-01,0
Nairobi,2006-07-01,0
Nairobi,2006-08-01,0
Nairobi,2006-09-01,0
Nairobi,2006-10-01,0
Nairobi,2006-11-01,0
Nairobi,2006-12-01,0
Nairobi,2007-01-01,0
Nairobi,2007-02-01,0
Nairobi,2007-03-01,0
Nairobi,2007-04-01,0
Nairobi,2007-05-01,0
Nairobi,2007-06-01,0
Nairobi,2007-07-01,0
Nairobi,2007-08-01,0
Nairobi,2007-09-01,0
Nairobi,2007-10-01,0
Nairobi,2007-11-01,0
Nairobi,2007-12-01,0
Nairobi,2008-01-01,0
Nairobi,2008-02-01,0
Nairobi,2008-03-01,0
Nairobi,2008-04-01,0
Nairobi,2008-05-01,0
Nairobi,2008-06-01,0
Nairobi,2008-07-01,0
Nairobi,2008-08-01,0
Nairobi,2008-09-01,0
Nairobi,2008-10-01,0
Nairobi,2008-11-01,0
Nairobi,2008-12-01,0
Nairobi,2009-01-01,0
Nairobi,2009-02-01,0
Nairobi,2009-03-01,0
Nairobi,2009-04-01,0
Nairobi,2009-05-01,0
Nairobi,2009-06-01,0
Nairobi,2009-07-01,0
Nairobi,2009-08-01,0
Nairobi,2009-09-01,0
Nairobi,2009-10-01,0
Nairobi,2009-11-01,0
Nairobi,2009-12-01,0
Nairobi,2010-01-01,0
Nairobi,2010-02-01,0
Nairobi,2010-03-01,0
Nairobi,2010-04-01,0
Nairobi,2010-05-01,0
Nairobi,2010-06-01,0
Nairobi,2010-07-01,0
Nairobi,2010-08-01,0
Nairobi,2010-09-01,0
Nairobi,2010-10-01,0
Nairobi,2010-11-01,0
Nairobi,2010-12-01,0
Nairobi,2011-01-01,0
Nairobi,2011-02-01,0
Nairobi,2011-03-01,0
Nairobi,2011-04-01,0
Nairobi,2011-05-01,1
Nairobi,2011-06-01,1
Nairobi,2011-07-01,0
Nairobi,2011-08-01,0
Nairobi,2011-09-01,0
Nairobi,2011-10-01,0
Nairobi,2011-11-01,0
Nairobi,2011-12-01,0
Nairobi,2012-01-01,0
Nairobi,2012-02-01,2
Nairobi,2012-03-01,1
Nairobi,2012-04-01,0
Nairobi,2012-05-01,0
Nairobi,2012-06-01,0
Nairobi,2012-07-01,0
Nairobi,2012-08-01,0
Nairobi,2012-09-01,0
Nairobi,2012-10-01,0
Nairobi,2012-11-01,0
Nairobi,2012-12-01,0
Nairobi,2013-01-01,0
Nairobi,2013-02-01,0
Nairobi,2013-03-01,0
Nairobi,2013-04-01,0
Nairobi,2013-05-01,0
Nairobi,2013-06-01,0
Nairobi,2013-07-01,0
Nairobi,2013-08-01,0
Nairobi,2013-09-01,0
Nairobi,2013-10-01,0
Nairobi,2013-11-01,0
Nairobi,2013-12-01,0
Nairobi,2014-01-01,0
Nairobi,2014-02-01,0
Nairobi,2014-03-01,0
Nairobi,2014-04-01,0
Nairobi,2014-05-01,0
Nairobi,2014-06-01,0
Nairobi,2014-07-01,1
Nairobi,2014-08-01,0
Nairobi,2014-09-01,0
Nairobi,2014-10-01,0
Nairobi,2014-11-01,1
Nairobi,2014-12-01,1
Nairobi,2015-01-01,0
Nairobi,2015-02-01,0
Nairobi,2015-03-01,0
Nairobi,2015-04-01,0
Nairobi,2015-05-01,0
Nairobi,2015-06-01,1
Nairobi,2015-07-01,0
Nairobi,2015-08-01,0
Nairobi,2015-09-01,0
Nairobi,2015-10-01,0
Nairobi,2015-11-01,0
Nairobi,2015-12-01,2
Nairobi,2016-01-01,0
Nairobi,2016-02-01,1
Nairobi,2016-03-01,0
Nairobi,2016-04-01,0
Nairobi,2016-05-01,0
Nairobi,2016-06-01,1
Nairobi,2016-07-01,1
Nairobi,2016-08-01,0
Nairobi,2016-09-01,0
Nairobi,2016-10-01,0
Nairobi,2016-11-01,1
Nairobi,2016-12-01,0
Nairobi,2017-01-01,1
Nairobi,2017-02-01,0
Nairobi,2017-03-01,1
Nairobi,2017-04-01,0
Nairobi,2017-05-01,2
Nairobi,2017-06-01,2
Nairobi,2017-07-01,1
Nairobi,2017-08-01,0
Nairobi,2017-09-01,2
Nairobi,2017-10-01,1
Nairobi,2017-11-01,1
Nairobi,2017-12-01,1
Nairobi,2018-01-01,0
Nairobi,2018-02-01,0
Nairobi,2018-03-01,0
Nairobi,2018-04-01,0
Nairobi,2018-05-01,2
Nairobi,2018-06-01,0
Nairobi,2018-07-01,0
Nairobi,2018-08-01,1
Nairobi,2018-09-01,1
Nairobi,2018-10-01,0
Nairobi,2018-11-01,0
Nairobi,2018-12-01,0
Nairobi,2019-01-01,0
Nairobi,2019-02-01,3
Nairobi,2019-03-01,0
Nairobi,2019-04-01,0
Nairobi,2019-05-01,1
Nairobi,2019-06-01,0
Nairobi,2019-07-01,0
Nairobi,2019-08-01,0
Nairobi,2019-09-01,0
Nairobi,2019-10-01,1
Nairobi,2019-11-01,0
Nairobi,2019-12-01,0
Nairobi,2020-01-01,0
Nairobi,2020-02-01,1
Nairobi,2020-03-01,1
Nairobi,2020-04-01,1
Nairobi,2020-05-01,1
Nairobi,2020-06-01,0
Nairobi,2020-07-01,1
Nairobi,2020-08-01,0
Nairobi,2020-09-01,0
Nairobi,2020-10-01,1
Nairobi,2020-11-01,2
Nairobi,2020-12-01,0
Nairobi,2021-01-01,0
Nairobi,2021-02-01,1
Nairobi,2021-03-01,1
Nairobi,2021-04-01,0
Nairobi,2021-05-01,0
Nairobi,2021-06-01,0
Nairobi,2021-07-01,0
Nairobi,2021-08-01,1
Nairobi,2021-09-01,2
Nairobi,2021-10-01,1
Nairobi,2021-11-01,1
Nairobi,2021-12-01,2
Nairobi,2022-01-01,1
Nairobi,2022-02-01,0
Nairobi,2022-03-01,2
Nairobi,2022-04-01,2
Nairobi,2022-05-01,0
Nairobi,2022-06-01,2
Nairobi,2022-07-01,1
Nairobi,2022-08-01,0
Nairobi,2022-09-01,0
Nairobi,2022-10-01,0
Nairobi,2022-11-01,2
Nairobi,2022-12-01,0
Nairobi,2023-01-01,1
Nairobi,2023-02-01,0
Nairobi,2023-03-01,4
Nairobi,2023-04-01,1
Nairobi,2023-05-01,1
Nairobi,2023-06-01,1
Nairobi,2023-07-01,0
Nairobi,2023-08-01,0
Nairobi,2023-09-01,0
Nairobi,2023-10-01,1
Nairobi,2023-11-01,0
Nairobi,2023-12-01,1
Nakuru,2005-05-01,0
Nakuru,2005-06-01,0
Nakuru,2005-07-01,0
Nakuru,2005-08-01,0
Nakuru,2005-09-01,0
Nakuru,2005-10-01,0
Nakuru,2005-11-01,0
Nakuru,2005-12-01,0
Nakuru,2006-01-01,0
Nakuru,2006-02-01,0
Nakuru,2006-03-01,0
Nakuru,2006-04-01,0
Nakuru,2006-05-01,0
Nakuru,2006-06-01,0
Nakuru,2006-07-01,0
Nakuru,2006-08-01,0
Nakuru,2006-09-01,0
Nakuru,2006-10-01,0
Nakuru,2006-11-01,0
Nakuru,2006-12-01,0
Nakuru,2007-01-01,0
Nakuru,2007-02-01,0
Nakuru,2007-03-01,0
Nakuru,2007-04-01,0
Nakuru,2007-05-01,0
Nakuru,2007-06-01,0
Nakuru,2007-07-01,0
Nakuru,2007-08-01,0
Nakuru,2007-09-01,0
Nakuru,2007-10-01,0
Nakuru,2007-11-01,0
Nakuru,2007-12-01,0
Nakuru,2008-01-01,0
Nakuru,2008-02-01,0
Nakuru,2008-03-01,0
Nakuru,2008-04-01,0
Nakuru,2008-05-01,0
Nakuru,2008-06-01,0
Nakuru,2008-07-01,0
Nakuru,2008-08-01,0
Nakuru,2008-09-01,0
Nakuru,2008-10-01,0
Nakuru,2008-11-01,0
Nakuru,2008-12-01,0
Nakuru,2009-01-01,0
Nakuru,2009-02-01,0
Nakuru,2009-03-01,0
Nakuru,2009-04-01,0
Nakuru,2009-05-01,0
Nakuru,2009-06-01,0
Nakuru,2009-07-01,0
Nakuru,2009-08-01,0
Nakuru,2009-09-01,0
Nakuru,2009-10-01,0
Nakuru,2009-11-01,0
Nakuru,2009-12-01,0
Nakuru,2010-01-01,0
Nakuru,2010-02-01,0
Nakuru,2010-03-01,0
Nakuru,2010-04-01,0
Nakuru,2010-05-01,0
Nakuru,2010-06-01,0
Nakuru,2010-07-01,0
Nakuru,2010-08-01,0
Nakuru,2010-09-01,0
Nakuru,2010-10-01,0
Nakuru,2010-11-01,0
Nakuru,2010-12-01,0
Nakuru,2011-01-01,0
Nakuru,2011-02-01,0
Nakuru,2011-03-01,0
Nakuru,2011-04-01,0
Nakuru,2011-05-01,0
Nakuru,2011-06-01,0
Nakuru,2011-07-01,0
Nakuru,2011-08-01,0
Nakuru,2011-09-01,0
Nakuru,2011-10-01,0
Nakuru,2011-11-01,0
Nakuru,2011-12-01,0
Nakuru,2012-01-01,0
Nakuru,2012-02-01,0
Nakuru,2012-03-01,0
Nakuru,2012-04-01,0
Nakuru,2012-05-01,0
Nakuru,2012-06-01,0
Nakuru,2012-07-01,0
Nakuru,2012-08-01,0
Nakuru,2012-09-01,0
Nakuru,2012-10-01,0
Nakuru,2012-11-01,0
Nakuru,2012-12-01,0
Nakuru,2013-01-01,0
Nakuru,2013-02-01,0
Nakuru,2013-03-01,0
Nakuru,2013-04-01,0
Nakuru,2013-05-01,0
Nakuru,2013-06-01,1
Nakuru,2013-07-01,0
Nakuru,2013-08-01,0
Nakuru,2013-09-01,0
Nakuru,2013-10-01,0
Nakuru,2013-11-01,0
Nakuru,2013-12-01,0
Nakuru,2014-01-01,0
Nakuru,2014-02-01,0
Nakuru,2014-03-01,0
Nakuru,2014-04-01,0
Nakuru,2014-05-01,0
Nakuru,2014-06-01,0
Nakuru,2014-07-01,0
Nakuru,2014-08-01,0
Nakuru,2014-09-01,0
Nakuru,2014-10-01,0
Nakuru,2014-11-01,0
Nakuru,2014-12-01,0
Nakuru,2015-01-01,0
Nakuru,2015-02-01,0
Nakuru,2015-03-01,0
Nakuru,2015-04-01,0
Nakuru,2015-05-01,0
Nakuru,2015-06-01,0
Nakuru,2015-07-01,0
Nakuru,2015-08-01,0
Nakuru,2015-09-01,0
Nakuru,2015-10-01,0
Nakuru,2015-11-01,0
Nakuru,2015-12-01,0
Nakuru,2016-01-01,1
Nakuru,2016-02-01,0
Nakuru,2016-03-01,0
Nakuru,2016-04-01,0
Nakuru,2016-05-01,0
Nakuru,2016-06-01,0
Nakuru,2016-07-01,0
Nakuru,2016-08-01,0
Nakuru,2016-09-01,0
Nakuru,2016-10-01,0
Nakuru,2016-11-01,1
Nakuru,2016-12-01,0
Nakuru,2017-01-01,0
Nakuru,2017-02-01,1
Nakuru,2017-03-01,0
Nakuru,2017-04-01,0
Nakuru,2017-05-01,0
Nakuru,2017-06-01,0
Nakuru,2017-07-01,0
Nakuru,2017-08-01,0
Nakuru,2017-09-01,2
Nakuru,2017-10-01,0
Nakuru,2017-11-01,1
Nakuru,2017-12-01,1
Nakuru,2018-01-01,1
Nakuru,2018-02-01,1
Nakuru,2018-03-01,2
Nakuru,2018-04-01,0
Nakuru,2018-05-01,2
Nakuru,2018-06-01,1
Nakuru,2018-07-01,2
Nakuru,2018-08-01,0
Nakuru,2018-09-01,1
Nakuru,2018-10-01,2
Nakuru,2018-11-01,2
Nakuru,2018-12-01,0
Nakuru,2019-01-01,2
Nakuru,2019-02-01,1
Nakuru,2019-03-01,1
Nakuru,2019-04-01,1
Nakuru,2019-05-01,1
Nakuru,2019-06-01,1
Nakuru,2019-07-01,0
Nakuru,2019-08-01,0
Nakuru,2019-09-01,1
Nakuru,2019-10-01,1
Nakuru,2019-11-01,2
Nakuru,2019-12-01,1
Nakuru,2020-01-01,0
Nakuru,2020-02-01,0
Nakuru,2020-03-01,0
Nakuru,2020-04-01,0
Nakuru,2020-05-01,0
Nakuru,2020-06-01,2
Nakuru,2020-07-01,3
Nakuru,2020-08-01,0
Nakuru,2020-09-01,1
Nakuru,2020-10-01,1
Nakuru,2020-11-01,0
Nakuru,2020-12-01,3
Nakuru,2021-01-01,1
Nakuru,2021-02-01,1
Nakuru,2021-03-01,0
Nakuru,2021-04-01,1
Nakuru,2021-05-01,2
Nakuru,2021-06-01,0
Nakuru,2021-07-01,1
Nakuru,2021-08-01,2
Nakuru,2021-09-01,0
Nakuru,2021-10-01,2
Nakuru,2021-11-01,0
Nakuru,2021-12-01,0
Nakuru,2022-01-01,1
Nakuru,2022-02-01,0
Nakuru,2022-03-01,0
Nakuru,2022-04-01,0
Nakuru,2022-05-01,0
Nakuru,2022-06-01,0
Nakuru,2022-07-01,0
Nakuru,2022-08-01,0
Nakuru,2022-09-01,0
Nakuru,2022-10-01,1
Nakuru,2022-11-01,0
Nakuru,2022-12-01,1
Nakuru,2023-01-01,0
Nakuru,2023-02-01,0
Nakuru,2023-03-01,1
Nakuru,2023-04-01,0
Nakuru,2023-05-01,0
Nakuru,2023-06-01,0
Nakuru,2023-07-01,1
Nakuru,2023-08-01,0
Nakuru,2023-09-01,1
Nakuru,2023-10-01,0
Nakuru,2023-11-01,0
Nakuru,2023-12-01,0
Nandi,2005-05-01,0
Nandi,2005-06-01,0
Nandi,2005-07-01,0
Nandi,2005-08-01,0
Nandi,2005-09-01,0
Nandi,2005-10-01,0
Nandi,2005-11-01,0
Nandi,2005-12-01,0
Nandi,2006-01-01,0
Nandi,2006-02-01,0
Nandi,2006-03-01,0
Nandi,2006-04-01,0
Nandi,2006-05-01,0
Nandi,2006-06-01,0
Nandi,2006-07-01,0
Nandi,2006-08-01,0
Nandi,2006-09-01,0
Nandi,2006-10-01,0
Nandi,2006-11-01,0
Nandi,2006-12-01,0
Nandi,2007-01-01,0
Nandi,2007-02-01,0
Nandi,2007-03-01,0
Nandi,2007-04-01,0
Nandi,2007-05-01,0
Nandi,2007-06-01,0
Nandi,2007-07-01,0
Nandi,2007-08-01,0
Nandi,2007-09-01,0
Nandi,2007-10-01,0
Nandi,2007-11-01,0
Nandi,2007-12-01,0
Nandi,2008-01-01,0
Nandi,2008-02-01,0
Nandi,2008-03-01,0
Nandi,2008-04-01,0
Nandi,2008-05-01,0
Nandi,2008-06-01,0
Nandi,2008-07-01,0
Nandi,2008-08-01,0
Nandi,2008-09-01,0
Nandi,2008-10-01,0
Nandi,2008-11-01,0
Nandi,2008-12-01,0
Nandi,2009-01-01,0
Nandi,2009-02-01,0
Nandi,2009-03-01,0
Nandi,2009-04-01,0
Nandi,2009-05-01,0
Nandi,2009-06-01,0
Nandi,2009-07-01,0
Nandi,2009-08-01,0
Nandi,2009-09-01,0
Nandi,2009-10-01,0
Nandi,2009-11-01,0
Nandi,2009-12-01,0
Nandi,2010-01-01,0
Nandi,2010-02-01,0
Nandi,2010-03-01,0
Nandi,2010-04-01,0
Nandi,2010-05-01,0
Nandi,2010-06-01,0
Nandi,2010-07-01,0
Nandi,2010-08-01,0
Nandi,2010-09-01,0
Nandi,2010-10-01,0
Nandi,2010-11-01,0
Nandi,2010-12-01,0
Nandi,2011-01-01,0
Nandi,2011-02-01,0
Nandi,2011-03-01,0
Nandi,2011-04-01,0
Nandi,2011-05-01,0
Nandi,2011-06-01,0
Nandi,2011-07-01,0
Nandi,2011-08-01,0
Nandi,2011-09-01,0
Nandi,2011-10-01,0
Nandi,2011-11-01,0
Nandi,2011-12-01,0
Nandi,2012-01-01,0
Nandi,2012-02-01,0
Nandi,2012-03-01,0
Nandi,2012-04-01,0
Nandi,2012-05-01,0
Nandi,2012-06-01,0
Nandi,2012-07-01,0
Nandi,2012-08-01,0
Nandi,2012-09-01,0
Nandi,2012-10-01,0
Nandi,2012-11-01,0
Nandi,2012-12-01,0
Nandi,2013-01-01,0
Nandi,2013-02-01,0
Nandi,2013-03-01,0
Nandi,2013-04-01,0
Nandi,2013-05-01,0
Nandi,2013-06-01,0
Nandi,2013-07-01,0
Nandi,2013-08-01,0
Nandi,2013-09-01,0
Nandi,2013-10-01,0
Nandi,2013-11-01,0
Nandi,2013-12-01,0
Nandi,2014-01-01,0
Nandi,2014-02-01,0
Nandi,2014-03-01,0
Nandi,2014-04-01,0
Nandi,2014-05-01,0
Nandi,2014-06-01,0
Nandi,2014-07-01,0
Nandi,2014-08-01,0
Nandi,2014-09-01,0
Nandi,2014-10-01,0
Nandi,2014-11-01,0
Nandi,2014-12-01,0
Nandi,2015-01-01,0
Nandi,2015-02-01,0
Nandi,2015-03-01,0
Nandi,2015-04-01,0
Nandi,2015-05-01,0
Nandi,2015-06-01,0
Nandi,2015-07-01,0
Nandi,2015-08-01,0
Nandi,2015-09-01,0
Nandi,2015-10-01,0
Nandi,2015-11-01,0
Nandi,2015-12-01,0
Nandi,2016-01-01,0
Nandi,2016-02-01,0
Nandi,2016-03-01,0
Nandi,2016-04-01,0
Nandi,2016-05-01,0
Nandi,2016-06-01,0
Nandi,2016-07-01,0
Nandi,2016-08-01,0
Nandi,2016-09-01,0
Nandi,2016-10-01,0
Nandi,2016-11-01,0
Nandi,2016-12-01,0
Nandi,2017-01-01,0
Nandi,2017-02-01,0
Nandi,2017-03-01,0
Nandi,2017-04-01,0
Nandi,2017-05-01,0
Nandi,2017-06-01,0
Nandi,2017-07-01,0
Nandi,2017-08-01,0
Nandi,2017-09-01,0
Nandi,2017-10-01,0
Nandi,2017-11-01,0
Nandi,2017-12-01,0
Nandi,2018-01-01,0
Nandi,2018-02-01,0
Nandi,2018-03-01,0
Nandi,2018-04-01,0
Nandi,2018-05-01,0
Nandi,2018-06-01,0
Nandi,2018-07-01,1
Nandi,2018-08-01,0
Nandi,2018-09-01,0
Nandi,2018-10-01,0
Nandi,2018-11-01,0
Nandi,2018-12-01,0
Nandi,2019-01-01,1
Nandi,2019-02-01,2
Nandi,2019-03-01,0
Nandi,2019-04-01,0
Nandi,2019-05-01,0
Nandi,2019-06-01,0
Nandi,2019-07-01,0
Nandi,2019-08-01,0
Nandi,2019-09-01,0
Nandi,2019-10-01,0
Nandi,2019-11-01,0
Nandi,2019-12-01,0
Nandi,2020-01-01,0
Nandi,2020-02-01,0
Nandi,2020-03-01,0
Nandi,2020-04-01,0
Nandi,2020-05-01,0
Nandi,2020-06-01,0
Nandi,2020-07-01,0
Nandi,2020-08-01,0
Nandi,2020-09-01,0
Nandi,2020-10-01,0
Nandi,2020-11-01,0
Nandi,2020-12-01,0
Nandi,2021-01-01,0
Nandi,2021-02-01,0
Nandi,2021-03-01,0
Nandi,2021-04-01,0
Nandi,2021-05-01,0
Nandi,2021-06-01,0
Nandi,2021-07-01,0
Nandi,2021-08-01,0
Nandi,2021-09-01,0
Nandi,2021-10-01,1
Nandi,2021-11-01,0
Nandi,2021-12-01,0
Nandi,2022-01-01,0
Nandi,2022-02-01,0
Nandi,2022-03-01,0
Nandi,2022-04-01,0
Nandi,2022-05-01,1
Nandi,2022-06-01,0
Nandi,2022-07-01,0
Nandi,2022-08-01,0
Nandi,2022-09-01,0
Nandi,2022-10-01,0
Nandi,2022-11-01,0
Nandi,2022-12-01,0
Nandi,2023-01-01,0
Nandi,2023-02-01,1
Nandi,2023-03-01,0
Nandi,2023-04-01,0
Nandi,2023-05-01,0
Nandi,2023-06-01,0
Nandi,2023-07-01,0
Nandi,2023-08-01,0
Nandi,2023-09-01,1
Nandi,2023-10-01,0
Nandi,2023-11-01,0
Nandi,2023-12-01,0
Narok,2005-05-01,0
Narok,2005-06-01,0
Narok,2005-07-01,0
Narok,2005-08-01,0
Narok,2005-09-01,0
Narok,2005-10-01,0
Narok,2005-11-01,0
Narok,2005-12-01,0
Narok,2006-01-01,0
Narok,2006-02-01,0
Narok,2006-03-01,0
Narok,2006-04-01,0
Narok,2006-05-01,0
Narok,2006-06-01,0
Narok,2006-07-01,0
Narok,2006-08-01,0
Narok,2006-09-01,0
Narok,2006-10-01,0
Narok,2006-11-01,0
Narok,2006-12-01,0
Narok,2007-01-01,0
Narok,2007-02-01,0
Narok,2007-03-01,0
Narok,2007-04-01,0
Narok,2007-05-01,0
Narok,2007-06-01,0
Narok,2007-07-01,0
Narok,2007-08-01,0
Narok,2007-09-01,0
Narok,2007-10-01,0
Narok,2007-11-01,0
Narok,2007-12-01,0
Narok,2008-01-01,0
Narok,2008-02-01,0
Narok,2008-03-01,0
Narok,2008-04-01,0
Narok,2008-05-01,0
Narok,2008-06-01,0
Narok,2008-07-01,0
Narok,2008-08-01,0
Narok,2008-09-01,0
Narok,2008-10-01,0
Narok,2008-11-01,0
Narok,2008-12-01,0
Narok,2009-01-01,0
Narok,2009-02-01,0
Narok,2009-03-01,0
Narok,2009-04-01,0
Narok,2009-05-01,0
Narok,2009-06-01,0
Narok,2009-07-01,0
Narok,2009-08-01,0
Narok,2009-09-01,0
Narok,2009-10-01,0
Narok,2009-11-01,0
Narok,2009-12-01,0
Narok,2010-01-01,0
Narok,2010-02-01,0
Narok,2010-03-01,0
Narok,2010-04-01,0
Narok,2010-05-01,0
Narok,2010-06-01,0
Narok,2010-07-01,0
Narok,2010-08-01,0
Narok,2010-09-01,0
Narok,2010-10-01,0
Narok,2010-11-01,0
Narok,2010-12-01,0
Narok,2011-01-01,0
Narok,2011-02-01,0
Narok,2011-03-01,0
Narok,2011-04-01,0
Narok,2011-05-01,0
Narok,2011-06-01,0
Narok,2011-07-01,0
Narok,2011-08-01,0
Narok,2011-09-01,0
Narok,2011-10-01,0
Narok,2011-11-01,0
Narok,2011-12-01,0
Narok,2012-01-01,0
Narok,2012-02-01,0
Narok,2012-03-01,0
Narok,2012-04-01,0
Narok,2012-05-01,0
Narok,2012-06-01,0
Narok,2012-07-01,0
Narok,2012-08-01,0
Narok,2012-09-01,0
Narok,2012-10-01,0
Narok,2012-11-01,0
Narok,2012-12-01,0
Narok,2013-01-01,0
Narok,2013-02-01,0
Narok,2013-03-01,0
Narok,2013-04-01,0
Narok,2013-05-01,0
Narok,2013-06-01,0
Narok,2013-07-01,0
Narok,2013-08-01,0
Narok,2013-09-01,0
Narok,2013-10-01,0
Narok,2013-11-01,0
Narok,2013-12-01,0
Narok,2014-01-01,0
Narok,2014-02-01,0
Narok,2014-03-01,0
Narok,2014-04-01,0
Narok,2014-05-01,0
Narok,2014-06-01,0
Narok,2014-07-01,0
Narok,2014-08-01,0
Narok,2014-09-01,0
Narok,2014-10-01,0
Narok,2014-11-01,0
Narok,2014-12-01,0
Narok,2015-01-01,0
Narok,2015-02-01,0
Narok,2015-03-01,0
Narok,2015-04-01,0
Narok,2015-05-01,0
Narok,2015-06-01,0
Narok,2015-07-01,0
Narok,2015-08-01,0
Narok,2015-09-01,0
Narok,2015-10-01,0
Narok,2015-11-01,0
Narok,2015-12-01,0
Narok,2016-01-01,0
Narok,2016-02-01,0
Narok,2016-03-01,0
Narok,2016-04-01,0
Narok,2016-05-01,0
Narok,2016-06-01,0
Narok,2016-07-01,0
Narok,2016-08-01,0
Narok,2016-09-01,0
Narok,2016-10-01,0
Narok,2016-11-01,0
Narok,2016-12-01,0
Narok,2017-01-01,0
Narok,2017-02-01,0
Narok,2017-03-01,0
Narok,2017-04-01,0
Narok,2017-05-01,0
Narok,2017-06-01,0
Narok,2017-07-01,0
Narok,2017-08-01,0
Narok,2017-09-01,0
Narok,2017-10-01,0
Narok,2017-11-01,0
Narok,2017-12-01,0
Narok,2018-01-01,0
Narok,2018-02-01,0
Narok,2018-03-01,0
Narok,2018-04-01,0
Narok,2018-05-01,0
Narok,2018-06-01,0
Narok,2018-07-01,0
Narok,2018-08-01,0
Narok,2018-09-01,0
Narok,2018-10-01,0
Narok,2018-11-01,0
Narok,2018-12-01,0
Narok,2019-01-01,0
Narok,2019-02-01,0
Narok,2019-03-01,0
Narok,2019-04-01,0
Narok,2019-05-01,0
Narok,2019-06-01,0
Narok,2019-07-01,0
Narok,2019-08-01,0
Narok,2019-09-01,0
Narok,2019-10-01,0
Narok,2019-11-01,0
Narok,2019-12-01,0
Narok,2020-01-01,0
Narok,2020-02-01,0
Narok,2020-03-01,0
Narok,2020-04-01,0
Narok,2020-05-01,0
Narok,2020-06-01,0
Narok,2020-07-01,0
Narok,2020-08-01,0
Narok,2020-09-01,0
Narok,2020-10-01,0
Narok,2020-11-01,0
Narok,2020-12-01,0
Narok,2021-01-01,0
Narok,2021-02-01,0
Narok,2021-03-01,0
Narok,2021-04-01,0
Narok,2021-05-01,0
Narok,2021-06-01,0
Narok,2021-07-01,0
Narok,2021-08-01,0
Narok,2021-09-01,0
Narok,2021-10-01,0
Narok,2021-11-01,0
Narok,2021-12-01,0
Narok,2022-01-01,0
Narok,2022-02-01,0
Narok,2022-03-01,0
Narok,2022-04-01,0
Narok,2022-05-01,0
Narok,2022-06-01,0
Narok,2022-07-01,0
Narok,2022-08-01,0
Narok,2022-09-01,0
Narok,2022-10-01,0
Narok,2022-11-01,0
Narok,2022-12-01,0
Narok,2023-01-01,0
Narok,2023-02-01,0
Narok,2023-03-01,0
Narok,2023-04-01,1
Narok,2023-05-01,0
Narok,2023-06-01,0
Narok,2023-07-01,0
Narok,2023-08-01,0
Narok,2023-09-01,0
Narok,2023-10-01,0
Narok,2023-11-01,0
Narok,2023-12-01,0
Nyamira,2005-05-01,0
Nyamira,2005-06-01,0
Nyamira,2005-07-01,0
Nyamira,2005-08-01,0
Nyamira,2005-09-01,0
Nyamira,2005-10-01,0
Nyamira,2005-11-01,0
Nyamira,2005-12-01,0
Nyamira,2006-01-01,0
Nyamira,2006-02-01,0
Nyamira,2006-03-01,0
Nyamira,2006-04-01,0
Nyamira,2006-05-01,0
Nyamira,2006-06-01,0
Nyamira,2006-07-01,0
Nyamira,2006-08-01,0
Nyamira,2006-09-01,0
Nyamira,2006-10-01,0
Nyamira,2006-11-01,0
Nyamira,2006-12-01,0
Nyamira,2007-01-01,0
Nyamira,2007-02-01,0
Nyamira,2007-03-01,0
Nyamira,2007-04-01,0
Nyamira,2007-05-01,0
Nyamira,2007-06-01,0
Nyamira,2007-07-01,0
Nyamira,2007-08-01,0
Nyamira,2007-09-01,0
Nyamira,2007-10-01,0
Nyamira,2007-11-01,0
Nyamira,2007-12-01,0
Nyamira,2008-01-01,0
Nyamira,2008-02-01,0
Nyamira,2008-03-01,0
Nyamira,2008-04-01,0
Nyamira,2008-05-01,0
Nyamira,2008-06-01,0
Nyamira,2008-07-01,0
Nyamira,2008-08-01,0
Nyamira,2008-09-01,0
Nyamira,2008-10-01,0
Nyamira,2008-11-01,0
Nyamira,2008-12-01,0
Nyamira,2009-01-01,0
Nyamira,2009-02-01,0
Nyamira,2009-03-01,0
Nyamira,2009-04-01,0
Nyamira,2009-05-01,0
Nyamira,2009-06-01,0
Nyamira,2009-07-01,0
Nyamira,2009-08-01,0
Nyamira,2009-09-01,0
Nyamira,2009-10-01,0
Nyamira,2009-11-01,0
Nyamira,2009-12-01,0
Nyamira,2010-01-01,0
Nyamira,2010-02-01,0
Nyamira,2010-03-01,0
Nyamira,2010-04-01,0
Nyamira,2010-05-01,0
Nyamira,2010-06-01,0
Nyamira,2010-07-01,0
Nyamira,2010-08-01,0
Nyamira,2010-09-01,0
Nyamira,2010-10-01,0
Nyamira,2010-11-01,0
Nyamira,2010-12-01,0
Nyamira,2011-01-01,0
Nyamira,2011-02-01,0
Nyamira,2011-03-01,0
Nyamira,2011-04-01,0
Nyamira,2011-05-01,0
Nyamira,2011-06-01,0
Nyamira,2011-07-01,0
Nyamira,2011-08-01,0
Nyamira,2011-09-01,0
Nyamira,2011-10-01,0
Nyamira,2011-11-01,0
Nyamira,2011-12-01,0
Nyamira,2012-01-01,0
Nyamira,2012-02-01,0
Nyamira,2012-03-01,0
Nyamira,2012-04-01,0
Nyamira,2012-05-01,0
Nyamira,2012-06-01,0
Nyamira,2012-07-01,0
Nyamira,2012-08-01,0
Nyamira,2012-09-01,0
Nyamira,2012-10-01,0
Nyamira,2012-11-01,0
Nyamira,2012-12-01,0
Nyamira,2013-01-01,0
Nyamira,2013-02-01,0
Nyamira,2013-03-01,0
Nyamira,2013-04-01,0
Nyamira,2013-05-01,0
Nyamira,2013-06-01,0
Nyamira,2013-07-01,0
Nyamira,2013-08-01,0
Nyamira,2013-09-01,0
Nyamira,2013-10-01,0
Nyamira,2013-11-01,0
Nyamira,2013-12-01,0
Nyamira,2014-01-01,0
Nyamira,2014-02-01,0
Nyamira,2014-03-01,0
Nyamira,2014-04-01,0
Nyamira,2014-05-01,0
Nyamira,2014-06-01,0
Nyamira,2014-07-01,0
Nyamira,2014-08-01,0
Nyamira,2014-09-01,0
Nyamira,2014-10-01,0
Nyamira,2014-11-01,0
Nyamira,2014-12-01,0
Nyamira,2015-01-01,0
Nyamira,2015-02-01,0
Nyamira,2015-03-01,0
Nyamira,2015-04-01,0
Nyamira,2015-05-01,0
Nyamira,2015-06-01,0
Nyamira,2015-07-01,0
Nyamira,2015-08-01,0
Nyamira,2015-09-01,0
Nyamira,2015-10-01,1
Nyamira,2015-11-01,0
Nyamira,2015-12-01,0
Nyamira,2016-01-01,0
Nyamira,2016-02-01,0
Nyamira,2016-03-01,0
Nyamira,2016-04-01,0
Nyamira,2016-05-01,0
Nyamira,2016-06-01,0
Nyamira,2016-07-01,0
Nyamira,2016-08-01,0
Nyamira,2016-09-01,0
Nyamira,2016-10-01,0
Nyamira,2016-11-01,0
Nyamira,2016-12-01,0
Nyamira,2017-01-01,0
Nyamira,2017-02-01,0
Nyamira,2017-03-01,0
Nyamira,2017-04-01,0
Nyamira,2017-05-01,0
Nyamira,2017-06-01,0
Nyamira,2017-07-01,0
Nyamira,2017-08-01,0
Nyamira,2017-09-01,0
Nyamira,2017-10-01,0
Nyamira,2017-11-01,0
Nyamira,2017-12-01,0
Nyamira,2018-01-01,0
Nyamira,2018-02-01,0
Nyamira,2018-03-01,0
Nyamira,2018-04-01,0
Nyamira,2018-05-01,0
Nyamira,2018-06-01,0
Nyamira,2018-07-01,0
Nyamira,2018-08-01,0
Nyamira,2018-09-01,0
Nyamira,2018-10-01,1
Nyamira,2018-11-01,0
Nyamira,2018-12-01,0
Nyamira,2019-01-01,0
Nyamira,2019-02-01,0
Nyamira,2019-03-01,0
Nyamira,2019-04-01,0
Nyamira,2019-05-01,0
Nyamira,2019-06-01,0
Nyamira,2019-07-01,0
Nyamira,2019-08-01,0
Nyamira,2019-09-01,0
Nyamira,2019-10-01,0
Nyamira,2019-11-01,0
Nyamira,2019-12-01,0
Nyamira,2020-01-01,1
Nyamira,2020-02-01,0
Nyamira,2020-03-01,0
Nyamira,2020-04-01,0
Nyamira,2020-05-01,0
Nyamira,2020-06-01,0
Nyamira,2020-07-01,0
Nyamira,2020-08-01,0
Nyamira,2020-09-01,0
Nyamira,2020-10-01,0
Nyamira,2020-11-01,0
Nyamira,2020-12-01,0
Nyamira,2021-01-01,0
Nyamira,2021-02-01,0
Nyamira,2021-03-01,0
Nyamira,2021-04-01,0
Nyamira,2021-05-01,0
Nyamira,2021-06-01,0
Nyamira,2021-07-01,0
Nyamira,2021-08-01,0
Nyamira,2021-09-01,0
Nyamira,2021-10-01,0
Nyamira,2021-11-01,0
Nyamira,2021-12-01,0
Nyamira,2022-01-01,0
Nyamira,2022-02-01,0
Nyamira,2022-03-01,0
Nyamira,2022-04-01,0
Nyamira,2022-05-01,0
Nyamira,2022-06-01,0
Nyamira,2022-07-01,0
Nyamira,2022-08-01,0
Nyamira,2022-09-01,0
Nyamira,2022-10-01,0
Nyamira,2022-11-01,0
Nyamira,2022-12-01,0
Nyamira,2023-01-01,0
Nyamira,2023-02-01,0
Nyamira,2023-03-01,0
Nyamira,2023-04-01,0
Nyamira,2023-05-01,0
Nyamira,2023-06-01,0
Nyamira,2023-07-01,0
Nyamira,2023-08-01,0
Nyamira,2023-09-01,0
Nyamira,2023-10-01,0
Nyamira,2023-11-01,0
Nyamira,2023-12-01,0
Nyandarua,2005-05-01,0
Nyandarua,2005-06-01,0
Nyandarua,2005-07-01,0
Nyandarua,2005-08-01,0
Nyandarua,2005-09-01,0
Nyandarua,2005-10-01,0
Nyandarua,2005-11-01,0
Nyandarua,2005-12-01,0
Nyandarua,2006-01-01,0
Nyandarua,2006-02-01,0
Nyandarua,2006-03-01,0
Nyandarua,2006-04-01,0
Nyandarua,2006-05-01,0
Nyandarua,2006-06-01,0
Nyandarua,2006-07-01,0
Nyandarua,2006-08-01,0
Nyandarua,2006-09-01,0
Nyandarua,2006-10-01,0
Nyandarua,2006-11-01,0
Nyandarua,2006-12-01,0
Nyandarua,2007-01-01,0
Nyandarua,2007-02-01,0
Nyandarua,2007-03-01,0
Nyandarua,2007-04-01,0
Nyandarua,2007-05-01,0
Nyandarua,2007-06-01,0
Nyandarua,2007-07-01,0
Nyandarua,2007-08-01,0
Nyandarua,2007-09-01,0
Nyandarua,2007-10-01,0
Nyandarua,2007-11-01,0
Nyandarua,2007-12-01,0
Nyandarua,2008-01-01,0
Nyandarua,2008-02-01,0
Nyandarua,2008-03-01,0
Nyandarua,2008-04-01,0
Nyandarua,2008-05-01,0
Nyandarua,2008-06-01,0
Nyandarua,2008-07-01,0
Nyandarua,2008-08-01,0
Nyandarua,2008-09-01,0
Nyandarua,2008-10-01,0
Nyandarua,2008-11-01,0
Nyandarua,2008-12-01,0
Nyandarua,2009-01-01,0
Nyandarua,2009-02-01,0
Nyandarua,2009-03-01,0
Nyandarua,2009-04-01,0
Nyandarua,2009-05-01,0
Nyandarua,2009-06-01,0
Nyandarua,2009-07-01,0
Nyandarua,2009-08-01,0
Nyandarua,2009-09-01,0
Nyandarua,2009-10-01,0
Nyandarua,2009-11-01,0
Nyandarua,2009-12-01,0
Nyandarua,2010-01-01,0
Nyandarua,2010-02-01,0
Nyandarua,2010-03-01,0
Nyandarua,2010-04-01,0
Nyandarua,2010-05-01,0
Nyandarua,2010-06-01,0
Nyandarua,2010-07-01,0
Nyandarua,2010-08-01,0
Nyandarua,2010-09-01,0
Nyandarua,2010-10-01,0
Nyandarua,2010-11-01,0
Nyandarua,2010-12-01,0
Nyandarua,2011-01-01,0
Nyandarua,2011-02-01,0
Nyandarua,2011-03-01,0
Nyandarua,2011-04-01,0
Nyandarua,2011-05-01,0
Nyandarua,2011-06-01,0
Nyandarua,2011-07-01,0
Nyandarua,2011-08-01,0
Nyandarua,2011-09-01,0
Nyandarua,2011-10-01,0
Nyandarua,2011-11-01,0
Nyandarua,2011-12-01,0
Nyandarua,2012-01-01,0
Nyandarua,2012-02-01,0
Nyandarua,2012-03-01,0
Nyandarua,2012-04-01,0
Nyandarua,2012-05-01,0
Nyandarua,2012-06-01,0
Nyandarua,2012-07-01,0
Nyandarua,2012-08-01,0
Nyandarua,2012-09-01,0
Nyandarua,2012-10-01,0
Nyandarua,2012-11-01,0
Nyandarua,2012-12-01,0
Nyandarua,2013-01-01,0
Nyandarua,2013-02-01,0
Nyandarua,2013-03-01,0
Nyandarua,2013-04-01,0
Nyandarua,2013-05-01,0
Nyandarua,2013-06-01,0
Nyandarua,2013-07-01,0
Nyandarua,2013-08-01,0
Nyandarua,2013-09-01,0
Nyandarua,2013-10-01,0
Nyandarua,2013-11-01,0
Nyandarua,2013-12-01,0
Nyandarua,2014-01-01,0
Nyandarua,2014-02-01,0
Nyandarua,2014-03-01,0
Nyandarua,2014-04-01,0
Nyandarua,2014-05-01,0
Nyandarua,2014-06-01,0
Nyandarua,2014-07-01,0
Nyandarua,2014-08-01,0
Nyandarua,2014-09-01,0
Nyandarua,2014-10-01,0
Nyandarua,2014-11-01,0
Nyandarua,2014-12-01,0
Nyandarua,2015-01-01,0
Nyandarua,2015-02-01,0
Nyandarua,2015-03-01,0
Nyandarua,2015-04-01,0
Nyandarua,2015-05-01,0
Nyandarua,2015-06-01,0
Nyandarua,2015-07-01,0
Nyandarua,2015-08-01,0
Nyandarua,2015-09-01,0
Nyandarua,2015-10-01,0
Nyandarua,2015-11-01,0
Nyandarua,2015-12-01,0
Nyandarua,2016-01-01,0
Nyandarua,2016-02-01,0
Nyandarua,2016-03-01,0
Nyandarua,2016-04-01,0
Nyandarua,2016-05-01,0
Nyandarua,2016-06-01,0
Nyandarua,2016-07-01,0
Nyandarua,2016-08-01,0
Nyandarua,2016-09-01,0
Nyandarua,2016-10-01,0
Nyandarua,2016-11-01,0
Nyandarua,2016-12-01,0
Nyandarua,2017-01-01,0
Nyandarua,2017-02-01,0
Nyandarua,2017-03-01,0
Nyandarua,2017-04-01,0
Nyandarua,2017-05-01,0
Nyandarua,2017-06-01,0
Nyandarua,2017-07-01,0
Nyandarua,2017-08-01,0
Nyandarua,2017-09-01,0
Nyandarua,2017-10-01,0
Nyandarua,2017-11-01,0
Nyandarua,2017-12-01,0
Nyandarua,2018-01-01,0
Nyandarua,2018-02-01,0
Nyandarua,2018-03-01,0
Nyandarua,2018-04-01,1
Nyandarua,2018-05-01,0
Nyandarua,2018-06-01,0
Nyandarua,2018-07-01,0
Nyandarua,2018-08-01,0
Nyandarua,2018-09-01,0
Nyandarua,2018-10-01,0
Nyandarua,2018-11-01,1
Nyandarua,2018-12-01,1
Nyandarua,2019-01-01,0
Nyandarua,2019-02-01,0
Nyandarua,2019-03-01,0
Nyandarua,2019-04-01,0
Nyandarua,2019-05-01,0
Nyandarua,2019-06-01,0
Nyandarua,2019-07-01,0
Nyandarua,2019-08-01,1
Nyandarua,2019-09-01,1
Nyandarua,2019-10-01,0
Nyandarua,2019-11-01,0
Nyandarua,2019-12-01,0
Nyandarua,2020-01-01,1
Nyandarua,2020-02-01,0
Nyandarua,2020-03-01,0
Nyandarua,2020-04-01,1
Nyandarua,2020-05-01,0
Nyandarua,2020-06-01,0
Nyandarua,2020-07-01,1
Nyandarua,2020-08-01,0
Nyandarua,2020-09-01,0
Nyandarua,2020-10-01,0
Nyandarua,2020-11-01,0
Nyandarua,2020-12-01,0
Nyandarua,2021-01-01,0
Nyandarua,2021-02-01,0
Nyandarua,2021-03-01,0
Nyandarua,2021-04-01,0
Nyandarua,2021-05-01,0
Nyandarua,2021-06-01,0
Nyandarua,2021-07-01,0
Nyandarua,2021-08-01,0
Nyandarua,2021-09-01,0
Nyandarua,2021-10-01,0
Nyandarua,2021-11-01,0
Nyandarua,2021-12-01,0
Nyandarua,2022-01-01,0
Nyandarua,2022-02-01,0
Nyandarua,2022-03-01,0
Nyandarua,2022-04-01,0
Nyandarua,2022-05-01,0
Nyandarua,2022-06-01,0
Nyandarua,2022-07-01,0
Nyandarua,2022-08-01,0
Nyandarua,2022-09-01,0
Nyandarua,2022-10-01,0
Nyandarua,2022-11-01,0
Nyandarua,2022-12-01,0
Nyandarua,2023-01-01,0
Nyandarua,2023-02-01,0
Nyandarua,2023-03-01,0
Nyandarua,2023-04-01,0
Nyandarua,2023-05-01,0
Nyandarua,2023-06-01,0
Nyandarua,2023-07-01,0
Nyandarua,2023-08-01,0
Nyandarua,2023-09-01,0
Nyandarua,2023-10-01,0
Nyandarua,2023-11-01,0
Nyandarua,2023-12-01,0
Nyeri,2005-05-01,0
Nyeri,2005-06-01,0
Nyeri,2005-07-01,0
Nyeri,2005-08-01,0
Nyeri,2005-09-01,0
Nyeri,2005-10-01,0
Nyeri,2005-11-01,0
Nyeri,2005-12-01,0
Nyeri,2006-01-01,0
Nyeri,2006-02-01,0
Nyeri,2006-03-01,0
Nyeri,2006-04-01,0
Nyeri,2006-05-01,0
Nyeri,2006-06-01,0
Nyeri,2006-07-01,0
Nyeri,2006-08-01,0
Nyeri,2006-09-01,0
Nyeri,2006-10-01,0
Nyeri,2006-11-01,0
Nyeri,2006-12-01,0
Nyeri,2007-01-01,0
Nyeri,2007-02-01,0
Nyeri,2007-03-01,0
Nyeri,2007-04-01,0
Nyeri,2007-05-01,0
Nyeri,2007-06-01,0
Nyeri,2007-07-01,0
Nyeri,2007-08-01,0
Nyeri,2007-09-01,0
Nyeri,2007-10-01,0
Nyeri,2007-11-01,0
Nyeri,2007-12-01,0
Nyeri,2008-01-01,0
Nyeri,2008-02-01,0
Nyeri,2008-03-01,0
Nyeri,2008-04-01,0
Nyeri,2008-05-01,0
Nyeri,2008-06-01,0
Nyeri,2008-07-01,0
Nyeri,2008-08-01,0
Nyeri,2008-09-01,0
Nyeri,2008-10-01,0
Nyeri,2008-11-01,0
Nyeri,2008-12-01,0
Nyeri,2009-01-01,0
Nyeri,2009-02-01,0
Nyeri,2009-03-01,0
Nyeri,2009-04-01,0
Nyeri,2009-05-01,0
Nyeri,2009-06-01,0
Nyeri,2009-07-01,0
Nyeri,2009-08-01,0
Nyeri,2009-09-01,0
Nyeri,2009-10-01,0
Nyeri,2009-11-01,0
Nyeri,2009-12-01,0
Nyeri,2010-01-01,0
Nyeri,2010-02-01,0
Nyeri,2010-03-01,0
Nyeri,2010-04-01,0
Nyeri,2010-05-01,0
Nyeri,2010-06-01,0
Nyeri,2010-07-01,0
Nyeri,2010-08-01,0
Nyeri,2010-09-01,0
Nyeri,2010-10-01,0
Nyeri,2010-11-01,0
Nyeri,2010-12-01,0
Nyeri,2011-01-01,0
Nyeri,2011-02-01,0
Nyeri,2011-03-01,0
Nyeri,2011-04-01,0
Nyeri,2011-05-01,0
Nyeri,2011-06-01,0
Nyeri,2011-07-01,0
Nyeri,2011-08-01,0
Nyeri,2011-09-01,0
Nyeri,2011-10-01,0
Nyeri,2011-11-01,0
Nyeri,2011-12-01,0
Nyeri,2012-01-01,0
Nyeri,2012-02-01,0
Nyeri,2012-03-01,0
Nyeri,2012-04-01,0
Nyeri,2012-05-01,0
Nyeri,2012-06-01,0
Nyeri,2012-07-01,0
Nyeri,2012-08-01,0
Nyeri,2012-09-01,0
Nyeri,2012-10-01,0
Nyeri,2012-11-01,0
Nyeri,2012-12-01,0
Nyeri,2013-01-01,0
Nyeri,2013-02-01,0
Nyeri,2013-03-01,0
Nyeri,2013-04-01,0
Nyeri,2013-05-01,0
Nyeri,2013-06-01,0
Nyeri,2013-07-01,0
Nyeri,2013-08-01,0
Nyeri,2013-09-01,0
Nyeri,2013-10-01,0
Nyeri,2013-11-01,0
Nyeri,2013-12-01,0
Nyeri,2014-01-01,0
Nyeri,2014-02-01,0
Nyeri,2014-03-01,0
Nyeri,2014-04-01,0
Nyeri,2014-05-01,0
Nyeri,2014-06-01,0
Nyeri,2014-07-01,0
Nyeri,2014-08-01,0
Nyeri,2014-09-01,0
Nyeri,2014-10-01,0
Nyeri,2014-11-01,0
Nyeri,2014-12-01,0
Nyeri,2015-01-01,0
Nyeri,2015-02-01,0
Nyeri,2015-03-01,0
Nyeri,2015-04-01,0
Nyeri,2015-05-01,0
Nyeri,2015-06-01,0
Nyeri,2015-07-01,0
Nyeri,2015-08-01,0
Nyeri,2015-09-01,0
Nyeri,2015-10-01,0
Nyeri,2015-11-01,0
Nyeri,2015-12-01,0
Nyeri,2016-01-01,0
Nyeri,2016-02-01,0
Nyeri,2016-03-01,0
Nyeri,2016-04-01,0
Nyeri,2016-05-01,0
Nyeri,2016-06-01,0
Nyeri,2016-07-01,0
Nyeri,2016-08-01,0
Nyeri,2016-09-01,1
Nyeri,2016-10-01,0
Nyeri,2016-11-01,0
Nyeri,2016-12-01,0
Nyeri,2017-01-01,0
Nyeri,2017-02-01,1
Nyeri,2017-03-01,0
Nyeri,2017-04-01,0
Nyeri,2017-05-01,0
Nyeri,2017-06-01,0
Nyeri,2017-07-01,0
Nyeri,2017-08-01,0
Nyeri,2017-09-01,0
Nyeri,2017-10-01,1
Nyeri,2017-11-01,0
Nyeri,2017-12-01,0
Nyeri,2018-01-01,1
Nyeri,2018-02-01,0
Nyeri,2018-03-01,0
Nyeri,2018-04-01,0
Nyeri,2018-05-01,0
Nyeri,2018-06-01,0
Nyeri,2018-07-01,2
Nyeri,2018-08-01,0
Nyeri,2018-09-01,0
Nyeri,2018-10-01,1
Nyeri,2018-11-01,0
Nyeri,2018-12-01,0
Nyeri,2019-01-01,0
Nyeri,2019-02-01,0
Nyeri,2019-03-01,0
Nyeri,2019-04-01,2
Nyeri,2019-05-01,0
Nyeri,2019-06-01,0
Nyeri,2019-07-01,0
Nyeri,2019-08-01,0
Nyeri,2019-09-01,0
Nyeri,2019-10-01,0
Nyeri,2019-11-01,0
Nyeri,2019-12-01,1
Nyeri,2020-01-01,0
Nyeri,2020-02-01,0
Nyeri,2020-03-01,0
Nyeri,2020-04-01,0
Nyeri,2020-05-01,1
Nyeri,2020-06-01,0
Nyeri,2020-07-01,0
Nyeri,2020-08-01,0
Nyeri,2020-09-01,0
Nyeri,2020-10-01,0
Nyeri,2020-11-01,0
Nyeri,2020-12-01,0
Nyeri,2021-01-01,0
Nyeri,2021-02-01,0
Nyeri,2021-03-01,0
Nyeri,2021-04-01,0
Nyeri,2021-05-01,0
Nyeri,2021-06-01,0
Nyeri,2021-07-01,0
Nyeri,2021-08-01,0
Nyeri,2021-09-01,0
Nyeri,2021-10-01,0
Nyeri,2021-11-01,0
Nyeri,2021-12-01,0
Nyeri,2022-01-01,0
Nyeri,2022-02-01,0
Nyeri,2022-03-01,0
Nyeri,2022-04-01,0
Nyeri,2022-05-01,1
Nyeri,2022-06-01,0
Nyeri,2022-07-01,0
Nyeri,2022-08-01,0
Nyeri,2022-09-01,0
Nyeri,2022-10-01,0
Nyeri,2022-11-01,0
Nyeri,2022-12-01,0
Nyeri,2023-01-01,0
Nyeri,2023-02-01,0
Nyeri,2023-03-01,0
Nyeri,2023-04-01,0
Nyeri,2023-05-01,1
Nyeri,2023-06-01,0
Nyeri,2023-07-01,0
Nyeri,2023-08-01,0
Nyeri,2023-09-01,1
Nyeri,2023-10-01,0
Nyeri,2023-11-01,0
Nyeri,2023-12-01,0
Siaya,2005-05-01,0
Siaya,2005-06-01,0
Siaya,2005-07-01,0
Siaya,2005-08-01,0
Siaya,2005-09-01,0
Siaya,2005-10-01,0
Siaya,2005-11-01,0
Siaya,2005-12-01,0
Siaya,2006-01-01,0
Siaya,2006-02-01,0
Siaya,2006-03-01,0
Siaya,2006-04-01,0
Siaya,2006-05-01,0
Siaya,2006-06-01,0
Siaya,2006-07-01,0
Siaya,2006-08-01,0
Siaya,2006-09-01,0
Siaya,2006-10-01,0
Siaya,2006-11-01,0
Siaya,2006-12-01,0
Siaya,2007-01-01,0
Siaya,2007-02-01,0
Siaya,2007-03-01,0
Siaya,2007-04-01,0
Siaya,2007-05-01,0
Siaya,2007-06-01,0
Siaya,2007-07-01,0
Siaya,2007-08-01,0
Siaya,2007-09-01,0
Siaya,2007-10-01,0
Siaya,2007-11-01,0
Siaya,2007-12-01,0
Siaya,2008-01-01,0
Siaya,2008-02-01,0
Siaya,2008-03-01,0
Siaya,2008-04-01,0
Siaya,2008-05-01,0
Siaya,2008-06-01,0
Siaya,2008-07-01,0
Siaya,2008-08-01,0
Siaya,2008-09-01,0
Siaya,2008-10-01,0
Siaya,2008-11-01,0
Siaya,2008-12-01,0
Siaya,2009-01-01,0
Siaya,2009-02-01,0
Siaya,2009-03-01,0
Siaya,2009-04-01,0
Siaya,2009-05-01,0
Siaya,2009-06-01,0
Siaya,2009-07-01,0
Siaya,2009-08-01,0
Siaya,2009-09-01,0
Siaya,2009-10-01,0
Siaya,2009-11-01,0
Siaya,2009-12-01,0
Siaya,2010-01-01,0
Siaya,2010-02-01,0
Siaya,2010-03-01,0
Siaya,2010-04-01,0
Siaya,2010-05-01,0
Siaya,2010-06-01,0
Siaya,2010-07-01,0
Siaya,2010-08-01,0
Siaya,2010-09-01,0
Siaya,2010-10-01,0
Siaya,2010-11-01,0
Siaya,2010-12-01,0
Siaya,2011-01-01,0
Siaya,2011-02-01,0
Siaya,2011-03-01,0
Siaya,2011-04-01,0
Siaya,2011-05-01,0
Siaya,2011-06-01,0
Siaya,2011-07-01,0
Siaya,2011-08-01,0
Siaya,2011-09-01,0
Siaya,2011-10-01,0
Siaya,2011-11-01,0
Siaya,2011-12-01,0
Siaya,2012-01-01,0
Siaya,2012-02-01,0
Siaya,2012-03-01,0
Siaya,2012-04-01,0
Siaya,2012-05-01,0
Siaya,2012-06-01,0
Siaya,2012-07-01,0
Siaya,2012-08-01,0
Siaya,2012-09-01,0
Siaya,2012-10-01,0
Siaya,2012-11-01,0
Siaya,2012-12-01,0
Siaya,2013-01-01,0
Siaya,2013-02-01,0
Siaya,2013-03-01,0
Siaya,2013-04-01,0
Siaya,2013-05-01,0
Siaya,2013-06-01,0
Siaya,2013-07-01,0
Siaya,2013-08-01,0
Siaya,2013-09-01,0
Siaya,2013-10-01,0
Siaya,2013-11-01,0
Siaya,2013-12-01,0
Siaya,2014-01-01,0
Siaya,2014-02-01,0
Siaya,2014-03-01,0
Siaya,2014-04-01,0
Siaya,2014-05-01,0
Siaya,2014-06-01,0
Siaya,2014-07-01,0
Siaya,2014-08-01,0
Siaya,2014-09-01,0
Siaya,2014-10-01,0
Siaya,2014-11-01,0
Siaya,2014-12-01,0
Siaya,2015-01-01,0
Siaya,2015-02-01,0
Siaya,2015-03-01,0
Siaya,2015-04-01,0
Siaya,2015-05-01,0
Siaya,2015-06-01,0
Siaya,2015-07-01,0
Siaya,2015-08-01,0
Siaya,2015-09-01,0
Siaya,2015-10-01,0
Siaya,2015-11-01,0
Siaya,2015-12-01,0
Siaya,2016-01-01,0
Siaya,2016-02-01,0
Siaya,2016-03-01,0
Siaya,2016-04-01,0
Siaya,2016-05-01,0
Siaya,2016-06-01,0
Siaya,2016-07-01,0
Siaya,2016-08-01,0
Siaya,2016-09-01,0
Siaya,2016-10-01,0
Siaya,2016-11-01,1
Siaya,2016-12-01,0
Siaya,2017-01-01,0
Siaya,2017-02-01,0
Siaya,2017-03-01,0
Siaya,2017-04-01,0
Siaya,2017-05-01,0
Siaya,2017-06-01,0
Siaya,2017-07-01,0
Siaya,2017-08-01,0
Siaya,2017-09-01,0
Siaya,2017-10-01,0
Siaya,2017-11-01,0
Siaya,2017-12-01,2
Siaya,2018-01-01,0
Siaya,2018-02-01,0
Siaya,2018-03-01,0
Siaya,2018-04-01,0
Siaya,2018-05-01,0
Siaya,2018-06-01,0
Siaya,2018-07-01,0
Siaya,2018-08-01,0
Siaya,2018-09-01,0
Siaya,2018-10-01,0
Siaya,2018-11-01,0
Siaya,2018-12-01,0
Siaya,2019-01-01,1
Siaya,2019-02-01,0
Siaya,2019-03-01,0
Siaya,2019-04-01,0
Siaya,2019-05-01,0
Siaya,2019-06-01,0
Siaya,2019-07-01,0
Siaya,2019-08-01,0
Siaya,2019-09-01,0
Siaya,2019-10-01,0
Siaya,2019-11-01,0
Siaya,2019-12-01,0
Siaya,2020-01-01,1
Siaya,2020-02-01,0
Siaya,2020-03-01,1
Siaya,2020-04-01,0
Siaya,2020-05-01,0
Siaya,2020-06-01,0
Siaya,2020-07-01,0
Siaya,2020-08-01,0
Siaya,2020-09-01,0
Siaya,2020-10-01,0
Siaya,2020-11-01,0
Siaya,2020-12-01,0
Siaya,2021-01-01,0
Siaya,2021-02-01,0
Siaya,2021-03-01,0
Siaya,2021-04-01,0
Siaya,2021-05-01,0
Siaya,2021-06-01,0
Siaya,2021-07-01,0
Siaya,2021-08-01,1
Siaya,2021-09-01,0
Siaya,2021-10-01,0
Siaya,2021-11-01,0
Siaya,2021-12-01,0
Siaya,2022-01-01,0
Siaya,2022-02-01,0
Siaya,2022-03-01,0
Siaya,2022-04-01,0
Siaya,2022-05-01,0
Siaya,2022-06-01,0
Siaya,2022-07-01,0
Siaya,2022-08-01,0
Siaya,2022-09-01,1
Siaya,2022-10-01,0
Siaya,2022-11-01,0
Siaya,2022-12-01,0
Siaya,2023-01-01,0
Siaya,2023-02-01,1
Siaya,2023-03-01,0
Siaya,2023-04-01,0
Siaya,2023-05-01,0
Siaya,2023-06-01,0
Siaya,2023-07-01,0
Siaya,2023-08-01,0
Siaya,2023-09-01,0
Siaya,2023-10-01,0
Siaya,2023-11-01,0
Siaya,2023-12-01,0
Taita Taveta,2005-05-01,0
Taita Taveta,2005-06-01,0
Taita Taveta,2005-07-01,0
Taita Taveta,2005-08-01,0
Taita Taveta,2005-09-01,0
Taita Taveta,2005-10-01,0
Taita Taveta,2005-11-01,0
Taita Taveta,2005-12-01,0
Taita Taveta,2006-01-01,0
Taita Taveta,2006-02-01,0
Taita Taveta,2006-03-01,0
Taita Taveta,2006-04-01,0
Taita Taveta,2006-05-01,0
Taita Taveta,2006-06-01,0
Taita Taveta,2006-07-01,0
Taita Taveta,2006-08-01,0
Taita Taveta,2006-09-01,0
Taita Taveta,2006-10-01,0
Taita Taveta,2006-11-01,0
Taita Taveta,2006-12-01,0
Taita Taveta,2007-01-01,0
Taita Taveta,2007-02-01,0
Taita Taveta,2007-03-01,0
Taita Taveta,2007-04-01,0
Taita Taveta,2007-05-01,0
Taita Taveta,2007-06-01,0
Taita Taveta,2007-07-01,0
Taita Taveta,2007-08-01,0
Taita Taveta,2007-09-01,0
Taita Taveta,2007-10-01,0
Taita Taveta,2007-11-01,0
Taita Taveta,2007-12-01,0
Taita Taveta,2008-01-01,0
Taita Taveta,2008-02-01,0
Taita Taveta,2008-03-01,0
Taita Taveta,2008-04-01,0
Taita Taveta,2008-05-01,0
Taita Taveta,2008-06-01,0
Taita Taveta,2008-07-01,0
Taita Taveta,2008-08-01,0
Taita Taveta,2008-09-01,0
Taita Taveta,2008-10-01,0
Taita Taveta,2008-11-01,0
Taita Taveta,2008-12-01,0
Taita Taveta,2009-01-01,0
Taita Taveta,2009-02-01,0
Taita Taveta,2009-03-01,0
Taita Taveta,2009-04-01,0
Taita Taveta,2009-05-01,0
Taita Taveta,2009-06-01,0
Taita Taveta,2009-07-01,0
Taita Taveta,2009-08-01,0
Taita Taveta,2009-09-01,0
Taita Taveta,2009-10-01,0
Taita Taveta,2009-11-01,0
Taita Taveta,2009-12-01,0
Taita Taveta,2010-01-01,0
Taita Taveta,2010-02-01,0
Taita Taveta,2010-03-01,0
Taita Taveta,2010-04-01,0
Taita Taveta,2010-05-01,0
Taita Taveta,2010-06-01,0
Taita Taveta,2010-07-01,0
Taita Taveta,2010-08-01,0
Taita Taveta,2010-09-01,0
Taita Taveta,2010-10-01,0
Taita Taveta,2010-11-01,0
Taita Taveta,2010-12-01,0
Taita Taveta,2011-01-01,0
Taita Taveta,2011-02-01,0
Taita Taveta,2011-03-01,0
Taita Taveta,2011-04-01,0
Taita Taveta,2011-05-01,0
Taita Taveta,2011-06-01,0
Taita Taveta,2011-07-01,0
Taita Taveta,2011-08-01,0
Taita Taveta,2011-09-01,0
Taita Taveta,2011-10-01,0
Taita Taveta,2011-11-01,0
Taita Taveta,2011-12-01,0
Taita Taveta,2012-01-01,0
Taita Taveta,2012-02-01,0
Taita Taveta,2012-03-01,0
Taita Taveta,2012-04-01,0
Taita Taveta,2012-05-01,0
Taita Taveta,2012-06-01,0
Taita Taveta,2012-07-01,0
Taita Taveta,2012-08-01,0
Taita Taveta,2012-09-01,0
Taita Taveta,2012-10-01,0
Taita Taveta,2012-11-01,0
Taita Taveta,2012-12-01,0
Taita Taveta,2013-01-01,0
Taita Taveta,2013-02-01,0
Taita Taveta,2013-03-01,0
Taita Taveta,2013-04-01,0
Taita Taveta,2013-05-01,0
Taita Taveta,2013-06-01,0
Taita Taveta,2013-07-01,0
Taita Taveta,2013-08-01,0
Taita Taveta,2013-09-01,0
Taita Taveta,2013-10-01,0
Taita Taveta,2013-11-01,0
Taita Taveta,2013-12-01,0
Taita Taveta,2014-01-01,0
Taita Taveta,2014-02-01,0
Taita Taveta,2014-03-01,0
Taita Taveta,2014-04-01,0
Taita Taveta,2014-05-01,0
Taita Taveta,2014-06-01,0
Taita Taveta,2014-07-01,0
Taita Taveta,2014-08-01,0
Taita Taveta,2014-09-01,0
Taita Taveta,2014-10-01,0
Taita Taveta,2014-11-01,0
Taita Taveta,2014-12-01,0
Taita Taveta,2015-01-01,0
Taita Taveta,2015-02-01,0
Taita Taveta,2015-03-01,0
Taita Taveta,2015-04-01,0
Taita Taveta,2015-05-01,0
Taita Taveta,2015-06-01,0
Taita Taveta,2015-07-01,0
Taita Taveta,2015-08-01,0
Taita Taveta,2015-09-01,0
Taita Taveta,2015-10-01,0
Taita Taveta,2015-11-01,0
Taita Taveta,2015-12-01,0
Taita Taveta,2016-01-01,0
Taita Taveta,2016-02-01,0
Taita Taveta,2016-03-01,0
Taita Taveta,2016-04-01,0
Taita Taveta,2016-05-01,0
Taita Taveta,2016-06-01,0
Taita Taveta,2016-07-01,0
Taita Taveta,2016-08-01,0
Taita Taveta,2016-09-01,0
Taita Taveta,2016-10-01,1
Taita Taveta,2016-11-01,1
Taita Taveta,2016-12-01,0
Taita Taveta,2017-01-01,0
Taita Taveta,2017-02-01,0
Taita Taveta,2017-03-01,0
Taita Taveta,2017-04-01,0
Taita Taveta,2017-05-01,0
Taita Taveta,2017-06-01,0
Taita Taveta,2017-07-01,0
Taita Taveta,2017-08-01,0
Taita Taveta,2017-09-01,0
Taita Taveta,2017-10-01,0
Taita Taveta,2017-11-01,0
Taita Taveta,2017-12-01,1
Taita Taveta,2018-01-01,1
Taita Taveta,2018-02-01,1
Taita Taveta,2018-03-01,0
Taita Taveta,2018-04-01,0
Taita Taveta,2018-05-01,0
Taita Taveta,2018-06-01,0
Taita Taveta,2018-07-01,0
Taita Taveta,2018-08-01,0
Taita Taveta,2018-09-01,0
Taita Taveta,2018-10-01,0
Taita Taveta,2018-11-01,0
Taita Taveta,2018-12-01,0
Taita Taveta,2019-01-01,0
Taita Taveta,2019-02-01,0
Taita Taveta,2019-03-01,0
Taita Taveta,2019-04-01,0
Taita Taveta,2019-05-01,0
Taita Taveta,2019-06-01,0
Taita Taveta,2019-07-01,0
Taita Taveta,2019-08-01,0
Taita Taveta,2019-09-01,0
Taita Taveta,2019-10-01,0
Taita Taveta,2019-11-01,0
Taita Taveta,2019-12-01,0
Taita Taveta,2020-01-01,0
Taita Taveta,2020-02-01,0
Taita Taveta,2020-03-01,0
Taita Taveta,2020-04-01,0
Taita Taveta,2020-05-01,0
Taita Taveta,2020-06-01,0
Taita Taveta,2020-07-01,0
Taita Taveta,2020-08-01,0
Taita Taveta,2020-09-01,0
Taita Taveta,2020-10-01,0
Taita Taveta,2020-11-01,0
Taita Taveta,2020-12-01,0
Taita Taveta,2021-01-01,0
Taita Taveta,2021-02-01,0
Taita Taveta,2021-03-01,0
Taita Taveta,2021-04-01,1
Taita Taveta,2021-05-01,0
Taita Taveta,2021-06-01,0
Taita Taveta,2021-07-01,0
Taita Taveta,2021-08-01,0
Taita Taveta,2021-09-01,0
Taita Taveta,2021-10-01,0
Taita Taveta,2021-11-01,0
Taita Taveta,2021-12-01,0
Taita Taveta,2022-01-01,0
Taita Taveta,2022-02-01,0
Taita Taveta,2022-03-01,0
Taita Taveta,2022-04-01,0
Taita Taveta,2022-05-01,0
Taita Taveta,2022-06-01,0
Taita Taveta,2022-07-01,0
Taita Taveta,2022-08-01,0
Taita Taveta,2022-09-01,0
Taita Taveta,2022-10-01,0
Taita Taveta,2022-11-01,0
Taita Taveta,2022-12-01,0
Taita Taveta,2023-01-01,0
Taita Taveta,2023-02-01,0
Taita Taveta,2023-03-01,0
Taita Taveta,2023-04-01,0
Taita Taveta,2023-05-01,0
Taita Taveta,2023-06-01,0
Taita Taveta,2023-07-01,0
Taita Taveta,2023-08-01,0
Taita Taveta,2023-09-01,0
Taita Taveta,2023-10-01,0
Taita Taveta,2023-11-01,0
Taita Taveta,2023-12-01,0
Tana River,2005-05-01,0
Tana River,2005-06-01,0
Tana River,2005-07-01,0
Tana River,2005-08-01,0
Tana River,2005-09-01,0
Tana River,2005-10-01,0
Tana River,2005-11-01,0
Tana River,2005-12-01,0
Tana River,2006-01-01,0
Tana River,2006-02-01,0
Tana River,2006-03-01,0
Tana River,2006-04-01,0
Tana River,2006-05-01,0
Tana River,2006-06-01,0
Tana River,2006-07-01,0
Tana River,2006-08-01,0
Tana River,2006-09-01,0
Tana River,2006-10-01,0
Tana River,2006-11-01,0
Tana River,2006-12-01,0
Tana River,2007-01-01,0
Tana River,2007-02-01,0
Tana River,2007-03-01,0
Tana River,2007-04-01,0
Tana River,2007-05-01,0
Tana River,2007-06-01,0
Tana River,2007-07-01,0
Tana River,2007-08-01,0
Tana River,2007-09-01,0
Tana River,2007-10-01,0
Tana River,2007-11-01,0
Tana River,2007-12-01,0
Tana River,2008-01-01,0
Tana River,2008-02-01,0
Tana River,2008-03-01,0
Tana River,2008-04-01,0
Tana River,2008-05-01,0
Tana River,2008-06-01,0
Tana River,2008-07-01,0
Tana River,2008-08-01,0
Tana River,2008-09-01,0
Tana River,2008-10-01,0
Tana River,2008-11-01,0
Tana River,2008-12-01,0
Tana River,2009-01-01,0
Tana River,2009-02-01,0
Tana River,2009-03-01,0
Tana River,2009-04-01,0
Tana River,2009-05-01,0
Tana River,2009-06-01,0
Tana River,2009-07-01,0
Tana River,2009-08-01,0
Tana River,2009-09-01,0
Tana River,2009-10-01,0
Tana River,2009-11-01,0
Tana River,2009-12-01,0
Tana River,2010-01-01,0
Tana River,2010-02-01,0
Tana River,2010-03-01,0
Tana River,2010-04-01,0
Tana River,2010-05-01,0
Tana River,2010-06-01,0
Tana River,2010-07-01,0
Tana River,2010-08-01,0
Tana River,2010-09-01,0
Tana River,2010-10-01,0
Tana River,2010-11-01,0
Tana River,2010-12-01,0
Tana River,2011-01-01,0
Tana River,2011-02-01,0
Tana River,2011-03-01,0
Tana River,2011-04-01,0
Tana River,2011-05-01,0
Tana River,2011-06-01,0
Tana River,2011-07-01,0
Tana River,2011-08-01,0
Tana River,2011-09-01,0
Tana River,2011-10-01,0
Tana River,2011-11-01,0
Tana River,2011-12-01,0
Tana River,2012-01-01,0
Tana River,2012-02-01,0
Tana River,2012-03-01,0
Tana River,2012-04-01,0
Tana River,2012-05-01,0
Tana River,2012-06-01,0
Tana River,2012-07-01,0
Tana River,2012-08-01,0
Tana River,2012-09-01,0
Tana River,2012-10-01,0
Tana River,2012-11-01,0
Tana River,2012-12-01,0
Tana River,2013-01-01,0
Tana River,2013-02-01,0
Tana River,2013-03-01,0
Tana River,2013-04-01,0
Tana River,2013-05-01,0
Tana River,2013-06-01,0
Tana River,2013-07-01,0
Tana River,2013-08-01,0
Tana River,2013-09-01,0
Tana River,2013-10-01,0
Tana River,2013-11-01,0
Tana River,2013-12-01,0
Tana River,2014-01-01,0
Tana River,2014-02-01,0
Tana River,2014-03-01,0
Tana River,2014-04-01,0
Tana River,2014-05-01,0
Tana River,2014-06-01,0
Tana River,2014-07-01,0
Tana River,2014-08-01,0
Tana River,2014-09-01,0
Tana River,2014-10-01,0
Tana River,2014-11-01,0
Tana River,2014-12-01,0
Tana River,2015-01-01,0
Tana River,2015-02-01,0
Tana River,2015-03-01,0
Tana River,2015-04-01,0
Tana River,2015-05-01,0
Tana River,2015-06-01,0
Tana River,2015-07-01,0
Tana River,2015-08-01,0
Tana River,2015-09-01,0
Tana River,2015-10-01,0
Tana River,2015-11-01,0
Tana River,2015-12-01,0
Tana River,2016-01-01,0
Tana River,2016-02-01,0
Tana River,2016-03-01,0
Tana River,2016-04-01,0
Tana River,2016-05-01,0
Tana River,2016-06-01,0
Tana River,2016-07-01,0
Tana River,2016-08-01,0
Tana River,2016-09-01,0
Tana River,2016-10-01,0
Tana River,2016-11-01,0
Tana River,2016-12-01,0
Tana River,2017-01-01,0
Tana River,2017-02-01,0
Tana River,2017-03-01,0
Tana River,2017-04-01,0
Tana River,2017-05-01,0
Tana River,2017-06-01,0
Tana River,2017-07-01,0
Tana River,2017-08-01,0
Tana River,2017-09-01,0
Tana River,2017-10-01,0
Tana River,2017-11-01,0
Tana River,2017-12-01,0
Tana River,2018-01-01,0
Tana River,2018-02-01,0
Tana River,2018-03-01,0
Tana River,2018-04-01,0
Tana River,2018-05-01,0
Tana River,2018-06-01,0
Tana River,2018-07-01,0
Tana River,2018-08-01,0
Tana River,2018-09-01,0
Tana River,2018-10-01,0
Tana River,2018-11-01,0
Tana River,2018-12-01,0
Tana River,2019-01-01,0
Tana River,2019-02-01,0
Tana River,2019-03-01,0
Tana River,2019-04-01,0
Tana River,2019-05-01,0
Tana River,2019-06-01,0
Tana River,2019-07-01,0
Tana River,2019-08-01,0
Tana River,2019-09-01,0
Tana River,2019-10-01,0
Tana River,2019-11-01,0
Tana River,2019-12-01,0
Tana River,2020-01-01,0
Tana River,2020-02-01,0
Tana River,2020-03-01,0
Tana River,2020-04-01,0
Tana River,2020-05-01,0
Tana River,2020-06-01,0
Tana River,2020-07-01,0
Tana River,2020-08-01,1
Tana River,2020-09-01,0
Tana River,2020-10-01,0
Tana River,2020-11-01,0
Tana River,2020-12-01,0
Tana River,2021-01-01,0
Tana River,2021-02-01,0
Tana River,2021-03-01,0
Tana River,2021-04-01,0
Tana River,2021-05-01,0
Tana River,2021-06-01,0
Tana River,2021-07-01,0
Tana River,2021-08-01,0
Tana River,2021-09-01,0
Tana River,2021-10-01,0
Tana River,2021-11-01,0
Tana River,2021-12-01,0
Tana River,2022-01-01,0
Tana River,2022-02-01,0
Tana River,2022-03-01,0
Tana River,2022-04-01,0
Tana River,2022-05-01,0
Tana River,2022-06-01,0
Tana River,2022-07-01,0
Tana River,2022-08-01,0
Tana River,2022-09-01,0
Tana River,2022-10-01,0
Tana River,2022-11-01,0
Tana River,2022-12-01,0
Tana River,2023-01-01,0
Tana River,2023-02-01,0
Tana River,2023-03-01,0
Tana River,2023-04-01,0
Tana River,2023-05-01,0
Tana River,2023-06-01,0
Tana River,2023-07-01,0
Tana River,2023-08-01,0
Tana River,2023-09-01,0
Tana River,2023-10-01,0
Tana River,2023-11-01,0
Tana River,2023-12-01,0
Tharaka-Nithi,2005-05-01,0
Tharaka-Nithi,2005-06-01,0
Tharaka-Nithi,2005-07-01,0
Tharaka-Nithi,2005-08-01,0
Tharaka-Nithi,2005-09-01,0
Tharaka-Nithi,2005-10-01,0
Tharaka-Nithi,2005-11-01,0
Tharaka-Nithi,2005-12-01,0
Tharaka-Nithi,2006-01-01,0
Tharaka-Nithi,2006-02-01,0
Tharaka-Nithi,2006-03-01,0
Tharaka-Nithi,2006-04-01,0
Tharaka-Nithi,2006-05-01,0
Tharaka-Nithi,2006-06-01,0
Tharaka-Nithi,2006-07-01,0
Tharaka-Nithi,2006-08-01,0
Tharaka-Nithi,2006-09-01,0
Tharaka-Nithi,2006-10-01,0
Tharaka-Nithi,2006-11-01,0
Tharaka-Nithi,2006-12-01,0
Tharaka-Nithi,2007-01-01,0
Tharaka-Nithi,2007-02-01,0
Tharaka-Nithi,2007-03-01,0
Tharaka-Nithi,2007-04-01,0
Tharaka-Nithi,2007-05-01,0
Tharaka-Nithi,2007-06-01,0
Tharaka-Nithi,2007-07-01,0
Tharaka-Nithi,2007-08-01,0
Tharaka-Nithi,2007-09-01,0
Tharaka-Nithi,2007-10-01,0
Tharaka-Nithi,2007-11-01,0
Tharaka-Nithi,2007-12-01,0
Tharaka-Nithi,2008-01-01,0
Tharaka-Nithi,2008-02-01,0
Tharaka-Nithi,2008-03-01,0
Tharaka-Nithi,2008-04-01,0
Tharaka-Nithi,2008-05-01,0
Tharaka-Nithi,2008-06-01,0
Tharaka-Nithi,2008-07-01,0
Tharaka-Nithi,2008-08-01,0
Tharaka-Nithi,2008-09-01,0
Tharaka-Nithi,2008-10-01,0
Tharaka-Nithi,2008-11-01,0
Tharaka-Nithi,2008-12-01,0
Tharaka-Nithi,2009-01-01,0
Tharaka-Nithi,2009-02-01,0
Tharaka-Nithi,2009-03-01,0
Tharaka-Nithi,2009-04-01,0
Tharaka-Nithi,2009-05-01,0
Tharaka-Nithi,2009-06-01,0
Tharaka-Nithi,2009-07-01,0
Tharaka-Nithi,2009-08-01,0
Tharaka-Nithi,2009-09-01,0
Tharaka-Nithi,2009-10-01,0
Tharaka-Nithi,2009-11-01,0
Tharaka-Nithi,2009-12-01,0
Tharaka-Nithi,2010-01-01,0
Tharaka-Nithi,2010-02-01,0
Tharaka-Nithi,2010-03-01,0
Tharaka-Nithi,2010-04-01,0
Tharaka-Nithi,2010-05-01,0
Tharaka-Nithi,2010-06-01,0
Tharaka-Nithi,2010-07-01,0
Tharaka-Nithi,2010-08-01,0
Tharaka-Nithi,2010-09-01,0
Tharaka-Nithi,2010-10-01,0
Tharaka-Nithi,2010-11-01,0
Tharaka-Nithi,2010-12-01,0
Tharaka-Nithi,2011-01-01,0
Tharaka-Nithi,2011-02-01,0
Tharaka-Nithi,2011-03-01,0
Tharaka-Nithi,2011-04-01,0
Tharaka-Nithi,2011-05-01,0
Tharaka-Nithi,2011-06-01,0
Tharaka-Nithi,2011-07-01,0
Tharaka-Nithi,2011-08-01,0
Tharaka-Nithi,2011-09-01,0
Tharaka-Nithi,2011-10-01,0
Tharaka-Nithi,2011-11-01,0
Tharaka-Nithi,2011-12-01,0
Tharaka-Nithi,2012-01-01,0
Tharaka-Nithi,2012-02-01,0
Tharaka-Nithi,2012-03-01,0
Tharaka-Nithi,2012-04-01,0
Tharaka-Nithi,2012-05-01,0
Tharaka-Nithi,2012-06-01,0
Tharaka-Nithi,2012-07-01,0
Tharaka-Nithi,2012-08-01,0
Tharaka-Nithi,2012-09-01,0
Tharaka-Nithi,2012-10-01,0
Tharaka-Nithi,2012-11-01,0
Tharaka-Nithi,2012-12-01,0
Tharaka-Nithi,2013-01-01,0
Tharaka-Nithi,2013-02-01,0
Tharaka-Nithi,2013-03-01,0
Tharaka-Nithi,2013-04-01,0
Tharaka-Nithi,2013-05-01,0
Tharaka-Nithi,2013-06-01,0
Tharaka-Nithi,2013-07-01,0
Tharaka-Nithi,2013-08-01,0
Tharaka-Nithi,2013-09-01,0
Tharaka-Nithi,2013-10-01,0
Tharaka-Nithi,2013-11-01,0
Tharaka-Nithi,2013-12-01,0
Tharaka-Nithi,2014-01-01,0
Tharaka-Nithi,2014-02-01,0
Tharaka-Nithi,2014-03-01,0
Tharaka-Nithi,2014-04-01,0
Tharaka-Nithi,2014-05-01,0
Tharaka-Nithi,2014-06-01,0
Tharaka-Nithi,2014-07-01,0
Tharaka-Nithi,2014-08-01,0
Tharaka-Nithi,2014-09-01,0
Tharaka-Nithi,2014-10-01,0
Tharaka-Nithi,2014-11-01,0
Tharaka-Nithi,2014-12-01,0
Tharaka-Nithi,2015-01-01,0
Tharaka-Nithi,2015-02-01,0
Tharaka-Nithi,2015-03-01,0
Tharaka-Nithi,2015-04-01,0
Tharaka-Nithi,2015-05-01,0
Tharaka-Nithi,2015-06-01,0
Tharaka-Nithi,2015-07-01,0
Tharaka-Nithi,2015-08-01,0
Tharaka-Nithi,2015-09-01,0
Tharaka-Nithi,2015-10-01,0
Tharaka-Nithi,2015-11-01,0
Tharaka-Nithi,2015-12-01,0
Tharaka-Nithi,2016-01-01,0
Tharaka-Nithi,2016-02-01,0
Tharaka-Nithi,2016-03-01,0
Tharaka-Nithi,2016-04-01,0
Tharaka-Nithi,2016-05-01,0
Tharaka-Nithi,2016-06-01,0
Tharaka-Nithi,2016-07-01,0
Tharaka-Nithi,2016-08-01,0
Tharaka-Nithi,2016-09-01,0
Tharaka-Nithi,2016-10-01,0
Tharaka-Nithi,2016-11-01,0
Tharaka-Nithi,2016-12-01,0
Tharaka-Nithi,2017-01-01,0
Tharaka-Nithi,2017-02-01,0
Tharaka-Nithi,2017-03-01,0
Tharaka-Nithi,2017-04-01,0
Tharaka-Nithi,2017-05-01,0
Tharaka-Nithi,2017-06-01,0
Tharaka-Nithi,2017-07-01,0
Tharaka-Nithi,2017-08-01,0
Tharaka-Nithi,2017-09-01,0
Tharaka-Nithi,2017-10-01,0
Tharaka-Nithi,2017-11-01,0
Tharaka-Nithi,2017-12-01,0
Tharaka-Nithi,2018-01-01,0
Tharaka-Nithi,2018-02-01,0
Tharaka-Nithi,2018-03-01,0
Tharaka-Nithi,2018-04-01,0
Tharaka-Nithi,2018-05-01,0
Tharaka-Nithi,2018-06-01,0
Tharaka-Nithi,2018-07-01,0
Tharaka-Nithi,2018-08-01,0
Tharaka-Nithi,2018-09-01,0
Tharaka-Nithi,2018-10-01,0
Tharaka-Nithi,2018-11-01,0
Tharaka-Nithi,2018-12-01,0
Tharaka-Nithi,2019-01-01,0
Tharaka-Nithi,2019-02-01,0
Tharaka-Nithi,2019-03-01,0
Tharaka-Nithi,2019-04-01,0
Tharaka-Nithi,2019-05-01,0
Tharaka-Nithi,2019-06-01,0
Tharaka-Nithi,2019-07-01,0
Tharaka-Nithi,2019-08-01,0
Tharaka-Nithi,2019-09-01,0
Tharaka-Nithi,2019-10-01,0
Tharaka-Nithi,2019-11-01,0
Tharaka-Nithi,2019-12-01,0
Tharaka-Nithi,2020-01-01,0
Tharaka-Nithi,2020-02-01,0
Tharaka-Nithi,2020-03-01,0
Tharaka-Nithi,2020-04-01,0
Tharaka-Nithi,2020-05-01,0
Tharaka-Nithi,2020-06-01,0
Tharaka-Nithi,2020-07-01,0
Tharaka-Nithi,2020-08-01,0
Tharaka-Nithi,2020-09-01,0
Tharaka-Nithi,2020-10-01,0
Tharaka-Nithi,2020-11-01,0
Tharaka-Nithi,2020-12-01,0
Tharaka-Nithi,2021-01-01,0
Tharaka-Nithi,2021-02-01,0
Tharaka-Nithi,2021-03-01,0
Tharaka-Nithi,2021-04-01,0
Tharaka-Nithi,2021-05-01,0
Tharaka-Nithi,2021-06-01,0
Tharaka-Nithi,2021-07-01,0
Tharaka-Nithi,2021-08-01,0
Tharaka-Nithi,2021-09-01,0
Tharaka-Nithi,2021-10-01,0
Tharaka-Nithi,2021-11-01,0
Tharaka-Nithi,2021-12-01,0
Tharaka-Nithi,2022-01-01,0
Tharaka-Nithi,2022-02-01,0
Tharaka-Nithi,2022-03-01,0
Tharaka-Nithi,2022-04-01,0
Tharaka-Nithi,2022-05-01,0
Tharaka-Nithi,2022-06-01,0
Tharaka-Nithi,2022-07-01,0
Tharaka-Nithi,2022-08-01,0
Tharaka-Nithi,2022-09-01,0
Tharaka-Nithi,2022-10-01,0
Tharaka-Nithi,2022-11-01,0
Tharaka-Nithi,2022-12-01,0
Tharaka-Nithi,2023-01-01,0
Tharaka-Nithi,2023-02-01,0
Tharaka-Nithi,2023-03-01,0
Tharaka-Nithi,2023-04-01,0
Tharaka-Nithi,2023-05-01,1
Tharaka-Nithi,2023-06-01,0
Tharaka-Nithi,2023-07-01,0
Tharaka-Nithi,2023-08-01,0
Tharaka-Nithi,2023-09-01,0
Tharaka-Nithi,2023-10-01,0
Tharaka-Nithi,2023-11-01,0
Tharaka-Nithi,2023-12-01,0
Trans Nzoia,2005-05-01,0
Trans Nzoia,2005-06-01,0
Trans Nzoia,2005-07-01,0
Trans Nzoia,2005-08-01,0
Trans Nzoia,2005-09-01,0
Trans Nzoia,2005-10-01,0
Trans Nzoia,2005-11-01,0
Trans Nzoia,2005-12-01,0
Trans Nzoia,2006-01-01,0
Trans Nzoia,2006-02-01,0
Trans Nzoia,2006-03-01,0
Trans Nzoia,2006-04-01,0
Trans Nzoia,2006-05-01,0
Trans Nzoia,2006-06-01,0
Trans Nzoia,2006-07-01,0
Trans Nzoia,2006-08-01,0
Trans Nzoia,2006-09-01,0
Trans Nzoia,2006-10-01,0
Trans Nzoia,2006-11-01,0
Trans Nzoia,2006-12-01,0
Trans Nzoia,2007-01-01,0
Trans Nzoia,2007-02-01,0
Trans Nzoia,2007-03-01,0
Trans Nzoia,2007-04-01,0
Trans Nzoia,2007-05-01,0
Trans Nzoia,2007-06-01,0
Trans Nzoia,2007-07-01,0
Trans Nzoia,2007-08-01,0
Trans Nzoia,2007-09-01,0
Trans Nzoia,2007-10-01,0
Trans Nzoia,2007-11-01,0
Trans Nzoia,2007-12-01,0
Trans Nzoia,2008-01-01,0
Trans Nzoia,2008-02-01,0
Trans Nzoia,2008-03-01,0
Trans Nzoia,2008-04-01,0
Trans Nzoia,2008-05-01,0
Trans Nzoia,2008-06-01,0
Trans Nzoia,2008-07-01,0
Trans Nzoia,2008-08-01,0
Trans Nzoia,2008-09-01,0
Trans Nzoia,2008-10-01,0
Trans Nzoia,2008-11-01,0
Trans Nzoia,2008-12-01,0
Trans Nzoia,2009-01-01,0
Trans Nzoia,2009-02-01,0
Trans Nzoia,2009-03-01,0
Trans Nzoia,2009-04-01,0
Trans Nzoia,2009-05-01,0
Trans Nzoia,2009-06-01,0
Trans Nzoia,2009-07-01,0
Trans Nzoia,2009-08-01,0
Trans Nzoia,2009-09-01,0
Trans Nzoia,2009-10-01,0
Trans Nzoia,2009-11-01,0
Trans Nzoia,2009-12-01,0
Trans Nzoia,2010-01-01,0
Trans Nzoia,2010-02-01,0
Trans Nzoia,2010-03-01,0
Trans Nzoia,2010-04-01,0
Trans Nzoia,2010-05-01,0
Trans Nzoia,2010-06-01,0
Trans Nzoia,2010-07-01,0
Trans Nzoia,2010-08-01,0
Trans Nzoia,2010-09-01,0
Trans Nzoia,2010-10-01,0
Trans Nzoia,2010-11-01,0
Trans Nzoia,2010-12-01,0
Trans Nzoia,2011-01-01,0
Trans Nzoia,2011-02-01,0
Trans Nzoia,2011-03-01,0
Trans Nzoia,2011-04-01,0
Trans Nzoia,2011-05-01,0
Trans Nzoia,2011-06-01,0
Trans Nzoia,2011-07-01,1
Trans Nzoia,2011-08-01,0
Trans Nzoia,2011-09-01,0
Trans Nzoia,2011-10-01,0
Trans Nzoia,2011-11-01,0
Trans Nzoia,2011-12-01,0
Trans Nzoia,2012-01-01,0
Trans Nzoia,2012-02-01,0
Trans Nzoia,2012-03-01,0
Trans Nzoia,2012-04-01,0
Trans Nzoia,2012-05-01,1
Trans Nzoia,2012-06-01,0
Trans Nzoia,2012-07-01,0
Trans Nzoia,2012-08-01,0
Trans Nzoia,2012-09-01,0
Trans Nzoia,2012-10-01,0
Trans Nzoia,2012-11-01,0
Trans Nzoia,2012-12-01,0
Trans Nzoia,2013-01-01,0
Trans Nzoia,2013-02-01,0
Trans Nzoia,2013-03-01,0
Trans Nzoia,2013-04-01,0
Trans Nzoia,2013-05-01,0
Trans Nzoia,2013-06-01,0
Trans Nzoia,2013-07-01,0
Trans Nzoia,2013-08-01,0
Trans Nzoia,2013-09-01,0
Trans Nzoia,2013-10-01,0
Trans Nzoia,2013-11-01,0
Trans Nzoia,2013-12-01,0
Trans Nzoia,2014-01-01,0
Trans Nzoia,2014-02-01,0
Trans Nzoia,2014-03-01,0
Trans Nzoia,2014-04-01,0
Trans Nzoia,2014-05-01,0
Trans Nzoia,2014-06-01,0
Trans Nzoia,2014-07-01,0
Trans Nzoia,2014-08-01,0
Trans Nzoia,2014-09-01,0
Trans Nzoia,2014-10-01,0
Trans Nzoia,2014-11-01,0
Trans Nzoia,2014-12-01,0
Trans Nzoia,2015-01-01,0
Trans Nzoia,2015-02-01,0
Trans Nzoia,2015-03-01,1
Trans Nzoia,2015-04-01,0
Trans Nzoia,2015-05-01,0
Trans Nzoia,2015-06-01,0
Trans Nzoia,2015-07-01,0
Trans Nzoia,2015-08-01,0
Trans Nzoia,2015-09-01,0
Trans Nzoia,2015-10-01,0
Trans Nzoia,2015-11-01,0
Trans Nzoia,2015-12-01,0
Trans Nzoia,2016-01-01,0
Trans Nzoia,2016-02-01,0
Trans Nzoia,2016-03-01,0
Trans Nzoia,2016-04-01,0
Trans Nzoia,2016-05-01,0
Trans Nzoia,2016-06-01,0
Trans Nzoia,2016-07-01,0
Trans Nzoia,2016-08-01,0
Trans Nzoia,2016-09-01,0
Trans Nzoia,2016-10-01,0
Trans Nzoia,2016-11-01,0
Trans Nzoia,2016-12-01,0
Trans Nzoia,2017-01-01,0
Trans Nzoia,2017-02-01,0
Trans Nzoia,2017-03-01,0
Trans Nzoia,2017-04-01,0
Trans Nzoia,2017-05-01,0
Trans Nzoia,2017-06-01,0
Trans Nzoia,2017-07-01,0
Trans Nzoia,2017-08-01,0
Trans Nzoia,2017-09-01,0
Trans Nzoia,2017-10-01,0
Trans Nzoia,2017-11-01,0
Trans Nzoia,2017-12-01,1
Trans Nzoia,2018-01-01,0
Trans Nzoia,2018-02-01,0
Trans Nzoia,2018-03-01,0
Trans Nzoia,2018-04-01,0
Trans Nzoia,2018-05-01,0
Trans Nzoia,2018-06-01,0
Trans Nzoia,2018-07-01,1
Trans Nzoia,2018-08-01,0
Trans Nzoia,2018-09-01,0
Trans Nzoia,2018-10-01,1
Trans Nzoia,2018-11-01,0
Trans Nzoia,2018-12-01,0
Trans Nzoia,2019-01-01,0
Trans Nzoia,2019-02-01,0
Trans Nzoia,2019-03-01,0
Trans Nzoia,2019-04-01,0
Trans Nzoia,2019-05-01,0
Trans Nzoia,2019-06-01,0
Trans Nzoia,2019-07-01,0
Trans Nzoia,2019-08-01,1
Trans Nzoia,2019-09-01,0
Trans Nzoia,2019-10-01,0
Trans Nzoia,2019-11-01,0
Trans Nzoia,2019-12-01,0
Trans Nzoia,2020-01-01,0
Trans Nzoia,2020-02-01,0
Trans Nzoia,2020-03-01,0
Trans Nzoia,2020-04-01,0
Trans Nzoia,2020-05-01,0
Trans Nzoia,2020-06-01,0
Trans Nzoia,2020-07-01,0
Trans Nzoia,2020-08-01,0
Trans Nzoia,2020-09-01,0
Trans Nzoia,2020-10-01,0
Trans Nzoia,2020-11-01,0
Trans Nzoia,2020-12-01,0
Trans Nzoia,2021-01-01,0
Trans Nzoia,2021-02-01,0
Trans Nzoia,2021-03-01,0
Trans Nzoia,2021-04-01,0
Trans Nzoia,2021-05-01,0
Trans Nzoia,2021-06-01,0
Trans Nzoia,2021-07-01,0
Trans Nzoia,2021-08-01,0
Trans Nzoia,2021-09-01,0
Trans Nzoia,2021-10-01,0
Trans Nzoia,2021-11-01,1
Trans Nzoia,2021-12-01,0
Trans Nzoia,2022-01-01,0
Trans Nzoia,2022-02-01,0
Trans Nzoia,2022-03-01,0
Trans Nzoia,2022-04-01,0
Trans Nzoia,2022-05-01,0
Trans Nzoia,2022-06-01,0
Trans Nzoia,2022-07-01,0
Trans Nzoia,2022-08-01,0
Trans Nzoia,2022-09-01,0
Trans Nzoia,2022-10-01,0
Trans Nzoia,2022-11-01,0
Trans Nzoia,2022-12-01,0
Trans Nzoia,2023-01-01,0
Trans Nzoia,2023-02-01,0
Trans Nzoia,2023-03-01,1
Trans Nzoia,2023-04-01,0
Trans Nzoia,2023-05-01,0
Trans Nzoia,2023-06-01,0
Trans Nzoia,2023-07-01,0
Trans Nzoia,2023-08-01,0
Trans Nzoia,2023-09-01,0
Trans Nzoia,2023-10-01,0
Trans Nzoia,2023-11-01,0
Trans Nzoia,2023-12-01,0
Turkana,2005-05-01,0
Turkana,2005-06-01,0
Turkana,2005-07-01,0
Turkana,2005-08-01,0
Turkana,2005-09-01,0
Turkana,2005-10-01,0
Turkana,2005-11-01,0
Turkana,2005-12-01,0
Turkana,2006-01-01,0
Turkana,2006-02-01,0
Turkana,2006-03-01,0
Turkana,2006-04-01,0
Turkana,2006-05-01,0
Turkana,2006-06-01,0
Turkana,2006-07-01,0
Turkana,2006-08-01,0
Turkana,2006-09-01,0
Turkana,2006-10-01,0
Turkana,2006-11-01,0
Turkana,2006-12-01,0
Turkana,2007-01-01,0
Turkana,2007-02-01,0
Turkana,2007-03-01,0
Turkana,2007-04-01,0
Turkana,2007-05-01,0
Turkana,2007-06-01,0
Turkana,2007-07-01,0
Turkana,2007-08-01,0
Turkana,2007-09-01,0
Turkana,2007-10-01,0
Turkana,2007-11-01,0
Turkana,2007-12-01,0
Turkana,2008-01-01,0
Turkana,2008-02-01,0
Turkana,2008-03-01,0
Turkana,2008-04-01,0
Turkana,2008-05-01,0
Turkana,2008-06-01,0
Turkana,2008-07-01,0
Turkana,2008-08-01,0
Turkana,2008-09-01,0
Turkana,2008-10-01,0
Turkana,2008-11-01,0
Turkana,2008-12-01,0
Turkana,2009-01-01,0
Turkana,2009-02-01,0
Turkana,2009-03-01,0
Turkana,2009-04-01,0
Turkana,2009-05-01,0
Turkana,2009-06-01,0
Turkana,2009-07-01,0
Turkana,2009-08-01,0
Turkana,2009-09-01,0
Turkana,2009-10-01,0
Turkana,2009-11-01,0
Turkana,2009-12-01,0
Turkana,2010-01-01,0
Turkana,2010-02-01,0
Turkana,2010-03-01,0
Turkana,2010-04-01,0
Turkana,2010-05-01,0
Turkana,2010-06-01,0
Turkana,2010-07-01,0
Turkana,2010-08-01,0
Turkana,2010-09-01,0
Turkana,2010-10-01,0
Turkana,2010-11-01,0
Turkana,2010-12-01,0
Turkana,2011-01-01,0
Turkana,2011-02-01,0
Turkana,2011-03-01,0
Turkana,2011-04-01,0
Turkana,2011-05-01,0
Turkana,2011-06-01,0
Turkana,2011-07-01,0
Turkana,2011-08-01,0
Turkana,2011-09-01,0
Turkana,2011-10-01,0
Turkana,2011-11-01,0
Turkana,2011-12-01,0
Turkana,2012-01-01,0
Turkana,2012-02-01,0
Turkana,2012-03-01,0
Turkana,2012-04-01,0
Turkana,2012-05-01,0
Turkana,2012-06-01,0
Turkana,2012-07-01,0
Turkana,2012-08-01,0
Turkana,2012-09-01,0
Turkana,2012-10-01,0
Turkana,2012-11-01,0
Turkana,2012-12-01,0
Turkana,2013-01-01,0
Turkana,2013-02-01,0
Turkana,2013-03-01,0
Turkana,2013-04-01,0
Turkana,2013-05-01,0
Turkana,2013-06-01,0
Turkana,2013-07-01,0
Turkana,2013-08-01,0
Turkana,2013-09-01,0
Turkana,2013-10-01,0
Turkana,2013-11-01,0
Turkana,2013-12-01,0
Turkana,2014-01-01,0
Turkana,2014-02-01,0
Turkana,2014-03-01,0
Turkana,2014-04-01,0
Turkana,2014-05-01,0
Turkana,2014-06-01,0
Turkana,2014-07-01,0
Turkana,2014-08-01,0
Turkana,2014-09-01,0
Turkana,2014-10-01,0
Turkana,2014-11-01,0
Turkana,2014-12-01,0
Turkana,2015-01-01,0
Turkana,2015-02-01,0
Turkana,2015-03-01,0
Turkana,2015-04-01,0
Turkana,2015-05-01,0
Turkana,2015-06-01,0
Turkana,2015-07-01,0
Turkana,2015-08-01,0
Turkana,2015-09-01,0
Turkana,2015-10-01,0
Turkana,2015-11-01,0
Turkana,2015-12-01,0
Turkana,2016-01-01,0
Turkana,2016-02-01,0
Turkana,2016-03-01,0
Turkana,2016-04-01,0
Turkana,2016-05-01,0
Turkana,2016-06-01,0
Turkana,2016-07-01,0
Turkana,2016-08-01,0
Turkana,2016-09-01,0
Turkana,2016-10-01,0
Turkana,2016-11-01,0
Turkana,2016-12-01,0
Turkana,2017-01-01,0
Turkana,2017-02-01,0
Turkana,2017-03-01,0
Turkana,2017-04-01,0
Turkana,2017-05-01,0
Turkana,2017-06-01,0
Turkana,2017-07-01,0
Turkana,2017-08-01,0
Turkana,2017-09-01,0
Turkana,2017-10-01,0
Turkana,2017-11-01,0
Turkana,2017-12-01,0
Turkana,2018-01-01,0
Turkana,2018-02-01,0
Turkana,2018-03-01,0
Turkana,2018-04-01,0
Turkana,2018-05-01,0
Turkana,2018-06-01,0
Turkana,2018-07-01,0
Turkana,2018-08-01,0
Turkana,2018-09-01,0
Turkana,2018-10-01,0
Turkana,2018-11-01,0
Turkana,2018-12-01,0
Turkana,2019-01-01,0
Turkana,2019-02-01,0
Turkana,2019-03-01,0
Turkana,2019-04-01,0
Turkana,2019-05-01,0
Turkana,2019-06-01,0
Turkana,2019-07-01,0
Turkana,2019-08-01,0
Turkana,2019-09-01,0
Turkana,2019-10-01,0
Turkana,2019-11-01,0
Turkana,2019-12-01,0
Turkana,2020-01-01,0
Turkana,2020-02-01,0
Turkana,2020-03-01,0
Turkana,2020-04-01,0
Turkana,2020-05-01,0
Turkana,2020-06-01,0
Turkana,2020-07-01,0
Turkana,2020-08-01,0
Turkana,2020-09-01,0
Turkana,2020-10-01,0
Turkana,2020-11-01,0
Turkana,2020-12-01,1
Turkana,2021-01-01,0
Turkana,2021-02-01,0
Turkana,2021-03-01,0
Turkana,2021-04-01,0
Turkana,2021-05-01,0
Turkana,2021-06-01,0
Turkana,2021-07-01,0
Turkana,2021-08-01,0
Turkana,2021-09-01,0
Turkana,2021-10-01,0
Turkana,2021-11-01,0
Turkana,2021-12-01,0
Turkana,2022-01-01,0
Turkana,2022-02-01,0
Turkana,2022-03-01,0
Turkana,2022-04-01,0
Turkana,2022-05-01,0
Turkana,2022-06-01,0
Turkana,2022-07-01,0
Turkana,2022-08-01,0
Turkana,2022-09-01,0
Turkana,2022-10-01,0
Turkana,2022-11-01,0
Turkana,2022-12-01,0
Turkana,2023-01-01,0
Turkana,2023-02-01,0
Turkana,2023-03-01,0
Turkana,2023-04-01,0
Turkana,2023-05-01,0
Turkana,2023-06-01,0
Turkana,2023-07-01,0
Turkana,2023-08-01,0
Turkana,2023-09-01,0
Turkana,2023-10-01,0
Turkana,2023-11-01,0
Turkana,2023-12-01,0
Uasin Gishu,2005-05-01,0
Uasin Gishu,2005-06-01,0
Uasin Gishu,2005-07-01,0
Uasin Gishu,2005-08-01,0
Uasin Gishu,2005-09-01,0
Uasin Gishu,2005-10-01,0
Uasin Gishu,2005-11-01,0
Uasin Gishu,2005-12-01,0
Uasin Gishu,2006-01-01,0
Uasin Gishu,2006-02-01,0
Uasin Gishu,2006-03-01,0
Uasin Gishu,2006-04-01,0
Uasin Gishu,2006-05-01,0
Uasin Gishu,2006-06-01,0
Uasin Gishu,2006-07-01,0
Uasin Gishu,2006-08-01,0
Uasin Gishu,2006-09-01,0
Uasin Gishu,2006-10-01,0
Uasin Gishu,2006-11-01,0
Uasin Gishu,2006-12-01,0
Uasin Gishu,2007-01-01,0
Uasin Gishu,2007-02-01,0
Uasin Gishu,2007-03-01,0
Uasin Gishu,2007-04-01,0
Uasin Gishu,2007-05-01,0
Uasin Gishu,2007-06-01,0
Uasin Gishu,2007-07-01,0
Uasin Gishu,2007-08-01,0
Uasin Gishu,2007-09-01,0
Uasin Gishu,2007-10-01,0
Uasin Gishu,2007-11-01,0
Uasin Gishu,2007-12-01,0
Uasin Gishu,2008-01-01,0
Uasin Gishu,2008-02-01,0
Uasin Gishu,2008-03-01,0
Uasin Gishu,2008-04-01,0
Uasin Gishu,2008-05-01,0
Uasin Gishu,2008-06-01,0
Uasin Gishu,2008-07-01,0
Uasin Gishu,2008-08-01,0
Uasin Gishu,2008-09-01,0
Uasin Gishu,2008-10-01,0
Uasin Gishu,2008-11-01,0
Uasin Gishu,2008-12-01,0
Uasin Gishu,2009-01-01,0
Uasin Gishu,2009-02-01,0
Uasin Gishu,2009-03-01,0
Uasin Gishu,2009-04-01,0
Uasin Gishu,2009-05-01,0
Uasin Gishu,2009-06-01,0
Uasin Gishu,2009-07-01,0
Uasin Gishu,2009-08-01,0
Uasin Gishu,2009-09-01,0
Uasin Gishu,2009-10-01,0
Uasin Gishu,2009-11-01,0
Uasin Gishu,2009-12-01,0
Uasin Gishu,2010-01-01,0
Uasin Gishu,2010-02-01,0
Uasin Gishu,2010-03-01,0
Uasin Gishu,2010-04-01,0
Uasin Gishu,2010-05-01,0
Uasin Gishu,2010-06-01,0
Uasin Gishu,2010-07-01,0
Uasin Gishu,2010-08-01,0
Uasin Gishu,2010-09-01,0
Uasin Gishu,2010-10-01,0
Uasin Gishu,2010-11-01,0
Uasin Gishu,2010-12-01,0
Uasin Gishu,2011-01-01,0
Uasin Gishu,2011-02-01,0
Uasin Gishu,2011-03-01,0
Uasin Gishu,2011-04-01,0
Uasin Gishu,2011-05-01,0
Uasin Gishu,2011-06-01,0
Uasin Gishu,2011-07-01,0
Uasin Gishu,2011-08-01,0
Uasin Gishu,2011-09-01,0
Uasin Gishu,2011-10-01,0
Uasin Gishu,2011-11-01,0
Uasin Gishu,2011-12-01,0
Uasin Gishu,2012-01-01,0
Uasin Gishu,2012-02-01,0
Uasin Gishu,2012-03-01,0
Uasin Gishu,2012-04-01,0
Uasin Gishu,2012-05-01,0
Uasin Gishu,2012-06-01,0
Uasin Gishu,2012-07-01,0
Uasin Gishu,2012-08-01,0
Uasin Gishu,2012-09-01,0
Uasin Gishu,2012-10-01,0
Uasin Gishu,2012-11-01,0
Uasin Gishu,2012-12-01,0
Uasin Gishu,2013-01-01,0
Uasin Gishu,2013-02-01,0
Uasin Gishu,2013-03-01,0
Uasin Gishu,2013-04-01,0
Uasin Gishu,2013-05-01,0
Uasin Gishu,2013-06-01,0
Uasin Gishu,2013-07-01,0
Uasin Gishu,2013-08-01,0
Uasin Gishu,2013-09-01,0
Uasin Gishu,2013-10-01,0
Uasin Gishu,2013-11-01,0
Uasin Gishu,2013-12-01,0
Uasin Gishu,2014-01-01,0
Uasin Gishu,2014-02-01,0
Uasin Gishu,2014-03-01,0
Uasin Gishu,2014-04-01,0
Uasin Gishu,2014-05-01,0
Uasin Gishu,2014-06-01,0
Uasin Gishu,2014-07-01,0
Uasin Gishu,2014-08-01,0
Uasin Gishu,2014-09-01,0
Uasin Gishu,2014-10-01,0
Uasin Gishu,2014-11-01,0
Uasin Gishu,2014-12-01,1
Uasin Gishu,2015-01-01,0
Uasin Gishu,2015-02-01,0
Uasin Gishu,2015-03-01,0
Uasin Gishu,2015-04-01,0
Uasin Gishu,2015-05-01,0
Uasin Gishu,2015-06-01,0
Uasin Gishu,2015-07-01,0
Uasin Gishu,2015-08-01,0
Uasin Gishu,2015-09-01,0
Uasin Gishu,2015-10-01,0
Uasin Gishu,2015-11-01,0
Uasin Gishu,2015-12-01,0
Uasin Gishu,2016-01-01,0
Uasin Gishu,2016-02-01,0
Uasin Gishu,2016-03-01,0
Uasin Gishu,2016-04-01,0
Uasin Gishu,2016-05-01,0
Uasin Gishu,2016-06-01,0
Uasin Gishu,2016-07-01,0
Uasin Gishu,2016-08-01,0
Uasin Gishu,2016-09-01,0
Uasin Gishu,2016-10-01,0
Uasin Gishu,2016-11-01,0
Uasin Gishu,2016-12-01,0
Uasin Gishu,2017-01-01,0
Uasin Gishu,2017-02-01,0
Uasin Gishu,2017-03-01,0
Uasin Gishu,2017-04-01,0
Uasin Gishu,2017-05-01,0
Uasin Gishu,2017-06-01,0
Uasin Gishu,2017-07-01,0
Uasin Gishu,2017-08-01,0
Uasin Gishu,2017-09-01,0
Uasin Gishu,2017-10-01,0
Uasin Gishu,2017-11-01,0
Uasin Gishu,2017-12-01,0
Uasin Gishu,2018-01-01,0
Uasin Gishu,2018-02-01,1
Uasin Gishu,2018-03-01,0
Uasin Gishu,2018-04-01,0
Uasin Gishu,2018-05-01,0
Uasin Gishu,2018-06-01,0
Uasin Gishu,2018-07-01,0
Uasin Gishu,2018-08-01,0
Uasin Gishu,2018-09-01,1
Uasin Gishu,2018-10-01,0
Uasin Gishu,2018-11-01,0
Uasin Gishu,2018-12-01,0
Uasin Gishu,2019-01-01,0
Uasin Gishu,2019-02-01,1
Uasin Gishu,2019-03-01,1
Uasin Gishu,2019-04-01,2
Uasin Gishu,2019-05-01,1
Uasin Gishu,2019-06-01,0
Uasin Gishu,2019-07-01,0
Uasin Gishu,2019-08-01,1
Uasin Gishu,2019-09-01,2
Uasin Gishu,2019-10-01,0
Uasin Gishu,2019-11-01,0
Uasin Gishu,2019-12-01,0
Uasin Gishu,2020-01-01,1
Uasin Gishu,2020-02-01,0
Uasin Gishu,2020-03-01,0
Uasin Gishu,2020-04-01,0
Uasin Gishu,2020-05-01,0
Uasin Gishu,2020-06-01,0
Uasin Gishu,2020-07-01,0
Uasin Gishu,2020-08-01,0
Uasin Gishu,2020-09-01,0
Uasin Gishu,2020-10-01,0
Uasin Gishu,2020-11-01,0
Uasin Gishu,2020-12-01,0
Uasin Gishu,2021-01-01,0
Uasin Gishu,2021-02-01,0
Uasin Gishu,2021-03-01,0
Uasin Gishu,2021-04-01,0
Uasin Gishu,2021-05-01,1
Uasin Gishu,2021-06-01,0
Uasin Gishu,2021-07-01,0
Uasin Gishu,2021-08-01,0
Uasin Gishu,2021-09-01,0
Uasin Gishu,2021-10-01,0
Uasin Gishu,2021-11-01,1
Uasin Gishu,2021-12-01,0
Uasin Gishu,2022-01-01,0
Uasin Gishu,2022-02-01,0
Uasin Gishu,2022-03-01,0
Uasin Gishu,2022-04-01,0
Uasin Gishu,2022-05-01,0
Uasin Gishu,2022-06-01,0
Uasin Gishu,2022-07-01,0
Uasin Gishu,2022-08-01,0
Uasin Gishu,2022-09-01,0
Uasin Gishu,2022-10-01,0
Uasin Gishu,2022-11-01,0
Uasin Gishu,2022-12-01,0
Uasin Gishu,2023-01-01,0
Uasin Gishu,2023-02-01,0
Uasin Gishu,2023-03-01,0
Uasin Gishu,2023-04-01,0
Uasin Gishu,2023-05-01,1
Uasin Gishu,2023-06-01,1
Uasin Gishu,2023-07-01,0
Uasin Gishu,2023-08-01,0
Uasin Gishu,2023-09-01,0
Uasin Gishu,2023-10-01,0
Uasin Gishu,2023-11-01,1
Uasin Gishu,2023-12-01,0
Unknown,2005-05-01,0
Unknown,2005-06-01,0
Unknown,2005-07-01,0
Unknown,2005-08-01,0
Unknown,2005-09-01,0
Unknown,2005-10-01,0
Unknown,2005-11-01,0
Unknown,2005-12-01,0
Unknown,2006-01-01,0
Unknown,2006-02-01,0
Unknown,2006-03-01,0
Unknown,2006-04-01,0
Unknown,2006-05-01,0
Unknown,2006-06-01,0
Unknown,2006-07-01,0
Unknown,2006-08-01,0
Unknown,2006-09-01,0
Unknown,2006-10-01,0
Unknown,2006-11-01,0
Unknown,2006-12-01,0
Unknown,2007-01-01,0
Unknown,2007-02-01,0
Unknown,2007-03-01,0
Unknown,2007-04-01,0
Unknown,2007-05-01,0
Unknown,2007-06-01,0
Unknown,2007-07-01,0
Unknown,2007-08-01,0
Unknown,2007-09-01,0
Unknown,2007-10-01,0
Unknown,2007-11-01,0
Unknown,2007-12-01,0
Unknown,2008-01-01,0
Unknown,2008-02-01,0
Unknown,2008-03-01,0
Unknown,2008-04-01,0
Unknown,2008-05-01,0
Unknown,2008-06-01,0
Unknown,2008-07-01,0
Unknown,2008-08-01,0
Unknown,2008-09-01,0
Unknown,2008-10-01,0
Unknown,2008-11-01,0
Unknown,2008-12-01,0
Unknown,2009-01-01,0
Unknown,2009-02-01,0
Unknown,2009-03-01,0
Unknown,2009-04-01,0
Unknown,2009-05-01,0
Unknown,2009-06-01,0
Unknown,2009-07-01,0
Unknown,2009-08-01,0
Unknown,2009-09-01,0
Unknown,2009-10-01,0
Unknown,2009-11-01,0
Unknown,2009-12-01,0
Unknown,2010-01-01,0
Unknown,2010-02-01,0
Unknown,2010-03-01,0
Unknown,2010-04-01,0
Unknown,2010-05-01,0
Unknown,2010-06-01,0
Unknown,2010-07-01,0
Unknown,2010-08-01,0
Unknown,2010-09-01,0
Unknown,2010-10-01,0
Unknown,2010-11-01,0
Unknown,2010-12-01,0
Unknown,2011-01-01,0
Unknown,2011-02-01,0
Unknown,2011-03-01,0
Unknown,2011-04-01,0
Unknown,2011-05-01,0
Unknown,2011-06-01,0
Unknown,2011-07-01,0
Unknown,2011-08-01,0
Unknown,2011-09-01,0
Unknown,2011-10-01,0
Unknown,2011-11-01,0
Unknown,2011-12-01,0
Unknown,2012-01-01,0
Unknown,2012-02-01,0
Unknown,2012-03-01,0
Unknown,2012-04-01,0
Unknown,2012-05-01,0
Unknown,2012-06-01,0
Unknown,2012-07-01,0
Unknown,2012-08-01,0
Unknown,2012-09-01,0
Unknown,2012-10-01,0
Unknown,2012-11-01,0
Unknown,2012-12-01,0
Unknown,2013-01-01,0
Unknown,2013-02-01,0
Unknown,2013-03-01,0
Unknown,2013-04-01,0
Unknown,2013-05-01,0
Unknown,2013-06-01,0
Unknown,2013-07-01,0
Unknown,2013-08-01,0
Unknown,2013-09-01,0
Unknown,2013-10-01,0
Unknown,2013-11-01,1
Unknown,2013-12-01,0
Unknown,2014-01-01,0
Unknown,2014-02-01,0
Unknown,2014-03-01,0
Unknown,2014-04-01,0
Unknown,2014-05-01,0
Unknown,2014-06-01,0
Unknown,2014-07-01,0
Unknown,2014-08-01,0
Unknown,2014-09-01,0
Unknown,2014-10-01,0
Unknown,2014-11-01,0
Unknown,2014-12-01,0
Unknown,2015-01-01,0
Unknown,2015-02-01,0
Unknown,2015-03-01,0
Unknown,2015-04-01,0
Unknown,2015-05-01,0
Unknown,2015-06-01,0
Unknown,2015-07-01,0
Unknown,2015-08-01,0
Unknown,2015-09-01,0
Unknown,2015-10-01,0
Unknown,2015-11-01,0
Unknown,2015-12-01,0
Unknown,2016-01-01,0
Unknown,2016-02-01,0
Unknown,2016-03-01,0
Unknown,2016-04-01,0
Unknown,2016-05-01,0
Unknown,2016-06-01,0
Unknown,2016-07-01,0
Unknown,2016-08-01,0
Unknown,2016-09-01,0
Unknown,2016-10-01,0
Unknown,2016-11-01,0
Unknown,2016-12-01,0
Unknown,2017-01-01,0
Unknown,2017-02-01,0
Unknown,2017-03-01,0
Unknown,2017-04-01,0
Unknown,2017-05-01,0
Unknown,2017-06-01,0
Unknown,2017-07-01,0
Unknown,2017-08-01,0
Unknown,2017-09-01,0
Unknown,2017-10-01,0
Unknown,2017-11-01,0
Unknown,2017-12-01,0
Unknown,2018-01-01,0
Unknown,2018-02-01,0
Unknown,2018-03-01,0
Unknown,2018-04-01,0
Unknown,2018-05-01,0
Unknown,2018-06-01,0
Unknown,2018-07-01,0
Unknown,2018-08-01,0
Unknown,2018-09-01,0
Unknown,2018-10-01,0
Unknown,2018-11-01,0
Unknown,2018-12-01,0
Unknown,2019-01-01,0
Unknown,2019-02-01,0
Unknown,2019-03-01,0
Unknown,2019-04-01,0
Unknown,2019-05-01,0
Unknown,2019-06-01,0
Unknown,2019-07-01,0
Unknown,2019-08-01,0
Unknown,2019-09-01,0
Unknown,2019-10-01,0
Unknown,2019-11-01,0
Unknown,2019-12-01,0
Unknown,2020-01-01,0
Unknown,2020-02-01,0
Unknown,2020-03-01,0
Unknown,2020-04-01,0
Unknown,2020-05-01,0
Unknown,2020-06-01,0
Unknown,2020-07-01,0
Unknown,2020-08-01,0
Unknown,2020-09-01,0
Unknown,2020-10-01,0
Unknown,2020-11-01,0
Unknown,2020-12-01,0
Unknown,2021-01-01,0
Unknown,2021-02-01,0
Unknown,2021-03-01,0
Unknown,2021-04-01,0
Unknown,2021-05-01,0
Unknown,2021-06-01,0
Unknown,2021-07-01,0
Unknown,2021-08-01,0
Unknown,2021-09-01,0
Unknown,2021-10-01,0
Unknown,2021-11-01,0
Unknown,2021-12-01,0
Unknown,2022-01-01,0
Unknown,2022-02-01,0
Unknown,2022-03-01,0
Unknown,2022-04-01,0
Unknown,2022-05-01,0
Unknown,2022-06-01,0
Unknown,2022-07-01,1
Unknown,2022-08-01,0
Unknown,2022-09-01,0
Unknown,2022-10-01,0
Unknown,2022-11-01,0
Unknown,2022-12-01,0
Unknown,2023-01-01,0
Unknown,2023-02-01,0
Unknown,2023-03-01,0
Unknown,2023-04-01,0
Unknown,2023-05-01,0
Unknown,2023-06-01,0
Unknown,2023-07-01,0
Unknown,2023-08-01,0
Unknown,2023-09-01,0
Unknown,2023-10-01,0
Unknown,2023-11-01,0
Unknown,2023-12-01,0
Vihiga,2005-05-01,0
Vihiga,2005-06-01,0
Vihiga,2005-07-01,0
Vihiga,2005-08-01,0
Vihiga,2005-09-01,0
Vihiga,2005-10-01,0
Vihiga,2005-11-01,0
Vihiga,2005-12-01,0
Vihiga,2006-01-01,0
Vihiga,2006-02-01,0
Vihiga,2006-03-01,0
Vihiga,2006-04-01,0
Vihiga,2006-05-01,0
Vihiga,2006-06-01,0
Vihiga,2006-07-01,0
Vihiga,2006-08-01,0
Vihiga,2006-09-01,0
Vihiga,2006-10-01,0
Vihiga,2006-11-01,0
Vihiga,2006-12-01,0
Vihiga,2007-01-01,0
Vihiga,2007-02-01,0
Vihiga,2007-03-01,0
Vihiga,2007-04-01,0
Vihiga,2007-05-01,0
Vihiga,2007-06-01,0
Vihiga,2007-07-01,0
Vihiga,2007-08-01,0
Vihiga,2007-09-01,0
Vihiga,2007-10-01,0
Vihiga,2007-11-01,0
Vihiga,2007-12-01,0
Vihiga,2008-01-01,0
Vihiga,2008-02-01,0
Vihiga,2008-03-01,0
Vihiga,2008-04-01,0
Vihiga,2008-05-01,0
Vihiga,2008-06-01,0
Vihiga,2008-07-01,0
Vihiga,2008-08-01,0
Vihiga,2008-09-01,0
Vihiga,2008-10-01,0
Vihiga,2008-11-01,0
Vihiga,2008-12-01,0
Vihiga,2009-01-01,0
Vihiga,2009-02-01,0
Vihiga,2009-03-01,0
Vihiga,2009-04-01,0
Vihiga,2009-05-01,0
Vihiga,2009-06-01,0
Vihiga,2009-07-01,0
Vihiga,2009-08-01,0
Vihiga,2009-09-01,0
Vihiga,2009-10-01,0
Vihiga,2009-11-01,0
Vihiga,2009-12-01,0
Vihiga,2010-01-01,0
Vihiga,2010-02-01,0
Vihiga,2010-03-01,0
Vihiga,2010-04-01,0
Vihiga,2010-05-01,0
Vihiga,2010-06-01,0
Vihiga,2010-07-01,0
Vihiga,2010-08-01,0
Vihiga,2010-09-01,0
Vihiga,2010-10-01,0
Vihiga,2010-11-01,0
Vihiga,2010-12-01,0
Vihiga,2011-01-01,0
Vihiga,2011-02-01,0
Vihiga,2011-03-01,0
Vihiga,2011-04-01,0
Vihiga,2011-05-01,0
Vihiga,2011-06-01,0
Vihiga,2011-07-01,0
Vihiga,2011-08-01,0
Vihiga,2011-09-01,0
Vihiga,2011-10-01,0
Vihiga,2011-11-01,0
Vihiga,2011-12-01,0
Vihiga,2012-01-01,0
Vihiga,2012-02-01,0
Vihiga,2012-03-01,0
Vihiga,2012-04-01,0
Vihiga,2012-05-01,0
Vihiga,2012-06-01,0
Vihiga,2012-07-01,0
Vihiga,2012-08-01,0
Vihiga,2012-09-01,0
Vihiga,2012-10-01,0
Vihiga,2012-11-01,0
Vihiga,2012-12-01,0
Vihiga,2013-01-01,0
Vihiga,2013-02-01,0
Vihiga,2013-03-01,0
Vihiga,2013-04-01,0
Vihiga,2013-05-01,0
Vihiga,2013-06-01,0
Vihiga,2013-07-01,0
Vihiga,2013-08-01,0
Vihiga,2013-09-01,0
Vihiga,2013-10-01,0
Vihiga,2013-11-01,0
Vihiga,2013-12-01,0
Vihiga,2014-01-01,0
Vihiga,2014-02-01,0
Vihiga,2014-03-01,0
Vihiga,2014-04-01,0
Vihiga,2014-05-01,0
Vihiga,2014-06-01,0
Vihiga,2014-07-01,0
Vihiga,2014-08-01,0
Vihiga,2014-09-01,0
Vihiga,2014-10-01,0
Vihiga,2014-11-01,0
Vihiga,2014-12-01,0
Vihiga,2015-01-01,0
Vihiga,2015-02-01,0
Vihiga,2015-03-01,0
Vihiga,2015-04-01,0
Vihiga,2015-05-01,0
Vihiga,2015-06-01,0
Vihiga,2015-07-01,0
Vihiga,2015-08-01,0
Vihiga,2015-09-01,0
Vihiga,2015-10-01,0
Vihiga,2015-11-01,0
Vihiga,2015-12-01,0
Vihiga,2016-01-01,0
Vihiga,2016-02-01,0
Vihiga,2016-03-01,0
Vihiga,2016-04-01,0
Vihiga,2016-05-01,0
Vihiga,2016-06-01,0
Vihiga,2016-07-01,0
Vihiga,2016-08-01,0
Vihiga,2016-09-01,0
Vihiga,2016-10-01,0
Vihiga,2016-11-01,0
Vihiga,2016-12-01,0
Vihiga,2017-01-01,0
Vihiga,2017-02-01,0
Vihiga,2017-03-01,0
Vihiga,2017-04-01,0
Vihiga,2017-05-01,0
Vihiga,2017-06-01,0
Vihiga,2017-07-01,0
Vihiga,2017-08-01,0
Vihiga,2017-09-01,0
Vihiga,2017-10-01,0
Vihiga,2017-11-01,0
Vihiga,2017-12-01,0
Vihiga,2018-01-01,0
Vihiga,2018-02-01,0
Vihiga,2018-03-01,0
Vihiga,2018-04-01,0
Vihiga,2018-05-01,0
Vihiga,2018-06-01,0
Vihiga,2018-07-01,0
Vihiga,2018-08-01,0
Vihiga,2018-09-01,0
Vihiga,2018-10-01,0
Vihiga,2018-11-01,0
Vihiga,2018-12-01,0
Vihiga,2019-01-01,0
Vihiga,2019-02-01,0
Vihiga,2019-03-01,0
Vihiga,2019-04-01,0
Vihiga,2019-05-01,0
Vihiga,2019-06-01,0
Vihiga,2019-07-01,1
Vihiga,2019-08-01,0
Vihiga,2019-09-01,0
Vihiga,2019-10-01,0
Vihiga,2019-11-01,0
Vihiga,2019-12-01,0
Vihiga,2020-01-01,0
Vihiga,2020-02-01,0
Vihiga,2020-03-01,0
Vihiga,2020-04-01,0
Vihiga,2020-05-01,0
Vihiga,2020-06-01,0
Vihiga,2020-07-01,0
Vihiga,2020-08-01,0
Vihiga,2020-09-01,0
Vihiga,2020-10-01,0
Vihiga,2020-11-01,0
Vihiga,2020-12-01,0
Vihiga,2021-01-01,0
Vihiga,2021-02-01,0
Vihiga,2021-03-01,0
Vihiga,2021-04-01,0
Vihiga,2021-05-01,0
Vihiga,2021-06-01,0
Vihiga,2021-07-01,0
Vihiga,2021-08-01,0
Vihiga,2021-09-01,0
Vihiga,2021-10-01,0
Vihiga,2021-11-01,0
Vihiga,2021-12-01,0
Vihiga,2022-01-01,0
Vihiga,2022-02-01,0
Vihiga,2022-03-01,0
Vihiga,2022-04-01,0
Vihiga,2022-05-01,0
Vihiga,2022-06-01,0
Vihiga,2022-07-01,0
Vihiga,2022-08-01,0
Vihiga,2022-09-01,0
Vihiga,2022-10-01,0
Vihiga,2022-11-01,0
Vihiga,2022-12-01,0
Vihiga,2023-01-01,0
Vihiga,2023-02-01,0
Vihiga,2023-03-01,0
Vihiga,2023-04-01,0
Vihiga,2023-05-01,0
Vihiga,2023-06-01,0
Vihiga,2023-07-01,1
Vihiga,2023-08-01,1
Vihiga,2023-09-01,0
Vihiga,2023-10-01,0
Vihiga,2023-11-01,0
Vihiga,2023-12-01,0
West Pokot,2005-05-01,0
West Pokot,2005-06-01,0
West Pokot,2005-07-01,0
West Pokot,2005-08-01,0
West Pokot,2005-09-01,0
West Pokot,2005-10-01,0
West Pokot,2005-11-01,0
West Pokot,2005-12-01,0
West Pokot,2006-01-01,0
West Pokot,2006-02-01,0
West Pokot,2006-03-01,0
West Pokot,2006-04-01,0
West Pokot,2006-05-01,0
West Pokot,2006-06-01,0
West Pokot,2006-07-01,0
West Pokot,2006-08-01,0
West Pokot,2006-09-01,0
West Pokot,2006-10-01,0
West Pokot,2006-11-01,0
West Pokot,2006-12-01,0
West Pokot,2007-01-01,0
West Pokot,2007-02-01,0
West Pokot,2007-03-01,0
West Pokot,2007-04-01,0
West Pokot,2007-05-01,0
West Pokot,2007-06-01,0
West Pokot,2007-07-01,0
West Pokot,2007-08-01,0
West Pokot,2007-09-01,0
West Pokot,2007-10-01,0
West Pokot,2007-11-01,0
West Pokot,2007-12-01,0
West Pokot,2008-01-01,0
West Pokot,2008-02-01,0
West Pokot,2008-03-01,0
West Pokot,2008-04-01,0
West Pokot,2008-05-01,0
West Pokot,2008-06-01,0
West Pokot,2008-07-01,0
West Pokot,2008-08-01,0
West Pokot,2008-09-01,0
West Pokot,2008-10-01,0
West Pokot,2008-11-01,0
West Pokot,2008-12-01,0
West Pokot,2009-01-01,0
West Pokot,2009-02-01,0
West Pokot,2009-03-01,0
West Pokot,2009-04-01,0
West Pokot,2009-05-01,0
West Pokot,2009-06-01,0
West Pokot,2009-07-01,0
West Pokot,2009-08-01,0
West Pokot,2009-09-01,0
West Pokot,2009-10-01,0
West Pokot,2009-11-01,0
West Pokot,2009-12-01,0
West Pokot,2010-01-01,0
West Pokot,2010-02-01,0
West Pokot,2010-03-01,0
West Pokot,2010-04-01,0
West Pokot,2010-05-01,0
West Pokot,2010-06-01,0
West Pokot,2010-07-01,0
West Pokot,2010-08-01,0
West Pokot,2010-09-01,0
West Pokot,2010-10-01,0
West Pokot,2010-11-01,0
West Pokot,2010-12-01,0
West Pokot,2011-01-01,0
West Pokot,2011-02-01,0
West Pokot,2011-03-01,0
West Pokot,2011-04-01,0
West Pokot,2011-05-01,0
West Pokot,2011-06-01,0
West Pokot,2011-07-01,0
West Pokot,2011-08-01,0
West Pokot,2011-09-01,0
West Pokot,2011-10-01,0
West Pokot,2011-11-01,0
West Pokot,2011-12-01,0
West Pokot,2012-01-01,0
West Pokot,2012-02-01,0
West Pokot,2012-03-01,0
West Pokot,2012-04-01,0
West Pokot,2012-05-01,0
West Pokot,2012-06-01,0
West Pokot,2012-07-01,0
West Pokot,2012-08-01,0
West Pokot,2012-09-01,0
West Pokot,2012-10-01,0
West Pokot,2012-11-01,0
West Pokot,2012-12-01,0
West Pokot,2013-01-01,0
West Pokot,2013-02-01,0
West Pokot,2013-03-01,0
West Pokot,2013-04-01,0
West Pokot,2013-05-01,0
West Pokot,2013-06-01,0
West Pokot,2013-07-01,0
West Pokot,2013-08-01,0
West Pokot,2013-09-01,0
West Pokot,2013-10-01,0
West Pokot,2013-11-01,0
West Pokot,2013-12-01,0
West Pokot,2014-01-01,0
West Pokot,2014-02-01,0
West Pokot,2014-03-01,0
West Pokot,2014-04-01,0
West Pokot,2014-05-01,0
West Pokot,2014-06-01,0
West Pokot,2014-07-01,0
West Pokot,2014-08-01,0
West Pokot,2014-09-01,0
West Pokot,2014-10-01,0
West Pokot,2014-11-01,0
West Pokot,2014-12-01,0
West Pokot,2015-01-01,0
West Pokot,2015-02-01,0
West Pokot,2015-03-01,0
West Pokot,2015-04-01,0
West Pokot,2015-05-01,0
West Pokot,2015-06-01,0
West Pokot,2015-07-01,0
West Pokot,2015-08-01,0
West Pokot,2015-09-01,0
West Pokot,2015-10-01,0
West Pokot,2015-11-01,0
West Pokot,2015-12-01,0
West Pokot,2016-01-01,0
West Pokot,2016-02-01,0
West Pokot,2016-03-01,0
West Pokot,2016-04-01,0
West Pokot,2016-05-01,0
West Pokot,2016-06-01,0
West Pokot,2016-07-01,0
West Pokot,2016-08-01,0
West Pokot,2016-09-01,0
West Pokot,2016-10-01,0
West Pokot,2016-11-01,0
West Pokot,2016-12-01,0
West Pokot,2017-01-01,0
West Pokot,2017-02-01,0
West Pokot,2017-03-01,0
West Pokot,2017-04-01,0
West Pokot,2017-05-01,0
West Pokot,2017-06-01,0
West Pokot,2017-07-01,0
West Pokot,2017-08-01,0
West Pokot,2017-09-01,0
West Pokot,2017-10-01,0
West Pokot,2017-11-01,0
West Pokot,2017-12-01,0
West Pokot,2018-01-01,0
West Pokot,2018-02-01,0
West Pokot,2018-03-01,0
West Pokot,2018-04-01,0
West Pokot,2018-05-01,0
West Pokot,2018-06-01,0
West Pokot,2018-07-01,0
West Pokot,2018-08-01,1
West Pokot,2018-09-01,0
West Pokot,2018-10-01,0
West Pokot,2018-11-01,0
West Pokot,2018-12-01,1
West Pokot,2019-01-01,0
West Pokot,2019-02-01,0
West Pokot,2019-03-01,0
West Pokot,2019-04-01,0
West Pokot,2019-05-01,0
West Pokot,2019-06-01,0
West Pokot,2019-07-01,0
West Pokot,2019-08-01,0
West Pokot,2019-09-01,0
West Pokot,2019-10-01,0
West Pokot,2019-11-01,0
West Pokot,2019-12-01,0
West Pokot,2020-01-01,0
West Pokot,2020-02-01,0
West Pokot,2020-03-01,0
West Pokot,2020-04-01,0
West Pokot,2020-05-01,0
West Pokot,2020-06-01,0
West Pokot,2020-07-01,1
West Pokot,2020-08-01,0
West Pokot,2020-09-01,0
West Pokot,2020-10-01,0
West Pokot,2020-11-01,0
West Pokot,2020-12-01,0
West Pokot,2021-01-01,0
West Pokot,2021-02-01,1
West Pokot,2021-03-01,0
West Pokot,2021-04-01,0
West Pokot,2021-05-01,0
West Pokot,2021-06-01,0
West Pokot,2021-07-01,0
West Pokot,2021-08-01,0
West Pokot,2021-09-01,0
West Pokot,2021-10-01,0
West Pokot,2021-11-01,0
West Pokot,2021-12-01,0
West Pokot,2022-01-01,0
West Pokot,2022-02-01,0
West Pokot,2022-03-01,0
West Pokot,2022-04-01,0
West Pokot,2022-05-01,1
West Pokot,2022-06-01,0
West Pokot,2022-07-01,0
West Pokot,2022-08-01,0
West Pokot,2022-09-01,0
West Pokot,2022-10-01,0
West Pokot,2022-11-01,0
West Pokot,2022-12-01,0
West Pokot,2023-01-01,0
West Pokot,2023-02-01,0
West Pokot,2023-03-01,0
West Pokot,2023-04-01,0
West Pokot,2023-05-01,0
West Pokot,2023-06-01,0
West Pokot,2023-07-01,0
West Pokot,2023-08-01,1
West Pokot,2023-09-01,0
West Pokot,2023-10-01,0
West Pokot,2023-11-01,0
West Pokot,2023-12-01,0
